[
    {
        "pk": 241,
        "model": "survey.question",
        "fields": {
            "indicator": 59,
            "parent": null,
            "created": "2013-08-20T09:30:35.066Z",
            "text": "How many people usually live in this household?",
            "modified": "2013-08-20T09:30:35.066Z",
            "subquestion": false,
            "answer_type": "number",
            "order": 1
        }
    },
    {
        "pk": 242,
        "model": "survey.question",
        "fields": {
            "indicator": 59,
            "parent": null,
            "created": "2013-08-20T09:30:35.068Z",
            "text": "What is the households main source of drinking water?",
            "modified": "2013-08-20T09:30:35.068Z",
            "subquestion": false,
            "answer_type": "multichoice",
            "order": 2
        }
    },
    {
        "pk": 243,
        "model": "survey.question",
        "fields": {
            "indicator": 59,
            "parent": 242,
            "created": "2013-08-20T09:30:35.077Z",
            "text": "Describe the source of drinking water",
            "modified": "2013-08-20T09:30:35.077Z",
            "subquestion": true,
            "answer_type": "text",
            "order": null
        }
    },
    {
        "pk": 244,
        "model": "survey.question",
        "fields": {
            "indicator": 59,
            "parent": null,
            "created": "2013-08-20T09:30:35.078Z",
            "text": "What is the type of toilet that is mainly used in this household?",
            "modified": "2013-08-20T09:30:35.078Z",
            "subquestion": false,
            "answer_type": "multichoice",
            "order": 3
        }
    },
    {
        "pk": 245,
        "model": "survey.question",
        "fields": {
            "indicator": 59,
            "parent": 244,
            "created": "2013-08-20T09:30:35.086Z",
            "text": "Describe the type of toilet being used",
            "modified": "2013-08-20T09:30:35.086Z",
            "subquestion": true,
            "answer_type": "text",
            "order": null
        }
    },
    {
        "pk": 246,
        "model": "survey.question",
        "fields": {
            "indicator": 59,
            "parent": null,
            "created": "2013-08-20T09:30:35.087Z",
            "text": "Does this household have a hand-washing facility at the toilet?",
            "modified": "2013-08-20T09:30:35.087Z",
            "subquestion": false,
            "answer_type": "multichoice",
            "order": 4
        }
    },
    {
        "pk": 247,
        "model": "survey.question",
        "fields": {
            "indicator": 59,
            "parent": null,
            "created": "2013-08-20T09:30:35.090Z",
            "text": "Does your household have any mosquito nets that are used while sleeping?",
            "modified": "2013-08-20T09:30:35.090Z",
            "subquestion": false,
            "answer_type": "multichoice",
            "order": 5
        }
    },
    {
        "pk": 248,
        "model": "survey.question",
        "fields": {
            "indicator": 59,
            "parent": null,
            "created": "2013-08-20T09:30:35.093Z",
            "text": "Are these insecticide-treated mosquito nets?",
            "modified": "2013-08-20T09:30:35.093Z",
            "subquestion": false,
            "answer_type": "multichoice",
            "order": 6
        }
    },
    {
        "pk": 249,
        "model": "survey.question",
        "fields": {
            "indicator": 59,
            "parent": null,
            "created": "2013-08-20T09:30:35.096Z",
            "text": "How many children are aged under 5 (FIVE) years in this household?",
            "modified": "2013-08-20T09:30:35.096Z",
            "subquestion": false,
            "answer_type": "number",
            "order": 7
        }
    },
    {
        "pk": 250,
        "model": "survey.question",
        "fields": {
            "indicator": 59,
            "parent": null,
            "created": "2013-08-20T09:30:35.097Z",
            "text": "How many of them slept under a mosquito net last night?",
            "modified": "2013-08-20T09:30:35.097Z",
            "subquestion": false,
            "answer_type": "number",
            "order": 8
        }
    },
    {
        "pk": 251,
        "model": "survey.question",
        "fields": {
            "indicator": 59,
            "parent": null,
            "created": "2013-08-20T09:30:35.097Z",
            "text": "How many pregnant women aged between 15-49 years are in this household?",
            "modified": "2013-08-20T09:30:35.098Z",
            "subquestion": false,
            "answer_type": "number",
            "order": 9
        }
    },
    {
        "pk": 252,
        "model": "survey.question",
        "fields": {
            "indicator": 59,
            "parent": null,
            "created": "2013-08-20T09:30:35.098Z",
            "text": "How many of the currently pregnant women slept under an Insecticide-Treated mosquito net last night?",
            "modified": "2013-08-20T09:30:35.098Z",
            "subquestion": false,
            "answer_type": "number",
            "order": 10
        }
    },
    {
        "pk": 253,
        "model": "survey.question",
        "fields": {
            "indicator": 60,
            "parent": null,
            "created": "2013-08-20T09:30:35.110Z",
            "text": "How many women aged between 15-49 years are in this household?",
            "modified": "2013-08-20T09:30:35.110Z",
            "subquestion": false,
            "answer_type": "number",
            "order": 1
        }
    },
    {
        "pk": 254,
        "model": "survey.question",
        "fields": {
            "indicator": 60,
            "parent": null,
            "created": "2013-08-20T09:30:35.110Z",
            "text": "How many of these women has had a live birth in the last 2 years?",
            "modified": "2013-08-20T09:30:35.111Z",
            "subquestion": false,
            "answer_type": "number",
            "order": 2
        }
    },
    {
        "pk": 255,
        "model": "survey.question",
        "fields": {
            "indicator": 60,
            "parent": null,
            "created": "2013-08-20T09:30:35.111Z",
            "text": "How many of these child births were delivered in a health facility?",
            "modified": "2013-08-20T09:30:35.111Z",
            "subquestion": false,
            "answer_type": "number",
            "order": 3
        }
    },
    {
        "pk": 256,
        "model": "survey.question",
        "fields": {
            "indicator": 60,
            "parent": null,
            "created": "2013-08-20T09:30:35.112Z",
            "text": "How many of these child births were assisted by a skilled health personnel?",
            "modified": "2013-08-20T09:30:35.112Z",
            "subquestion": false,
            "answer_type": "number",
            "order": 4
        }
    },
    {
        "pk": 257,
        "model": "survey.question",
        "fields": {
            "indicator": 60,
            "parent": null,
            "created": "2013-08-20T09:30:35.113Z",
            "text": "How many of these new borns were breast fed within 1 hour of birth?",
            "modified": "2013-08-20T09:30:35.113Z",
            "subquestion": false,
            "answer_type": "number",
            "order": 5
        }
    },
    {
        "pk": 258,
        "model": "survey.question",
        "fields": {
            "indicator": 61,
            "parent": null,
            "created": "2013-08-20T09:30:35.123Z",
            "text": "How many times did you receive antenatal care during the last pregnancy?",
            "modified": "2013-08-20T09:30:35.123Z",
            "subquestion": false,
            "answer_type": "number",
            "order": 1
        }
    },
    {
        "pk": 259,
        "model": "survey.question",
        "fields": {
            "indicator": 61,
            "parent": null,
            "created": "2013-08-20T09:30:35.124Z",
            "text": "During any of these antenatal visits for the pregnancy, how many times did you take medicine to prevent malaria?",
            "modified": "2013-08-20T09:30:35.124Z",
            "subquestion": false,
            "answer_type": "number",
            "order": 2
        }
    },
    {
        "pk": 260,
        "model": "survey.question",
        "fields": {
            "indicator": 61,
            "parent": null,
            "created": "2013-08-20T09:30:35.125Z",
            "text": "During the last pregnancy, did you receive any injection on the arm or shoulder to prevent the baby from getting tetanus?",
            "modified": "2013-08-20T09:30:35.125Z",
            "subquestion": false,
            "answer_type": "multichoice",
            "order": 3
        }
    },
    {
        "pk": 261,
        "model": "survey.question",
        "fields": {
            "indicator": 61,
            "parent": null,
            "created": "2013-08-20T09:30:35.127Z",
            "text": "How many times did you receive this tetanus injection during your pregnancy?",
            "modified": "2013-08-20T09:30:35.128Z",
            "subquestion": false,
            "answer_type": "number",
            "order": 4
        }
    },
    {
        "pk": 262,
        "model": "survey.question",
        "fields": {
            "indicator": 62,
            "parent": null,
            "created": "2013-08-20T09:30:35.134Z",
            "text": "How many women aged between 15-49 years are in this household?",
            "modified": "2013-08-20T09:30:35.134Z",
            "subquestion": false,
            "answer_type": "number",
            "order": 1
        }
    },
    {
        "pk": 263,
        "model": "survey.question",
        "fields": {
            "indicator": 62,
            "parent": null,
            "created": "2013-08-20T09:30:35.135Z",
            "text": "Have you ever heard of an illness called AIDS?",
            "modified": "2013-08-20T09:30:35.135Z",
            "subquestion": false,
            "answer_type": "multichoice",
            "order": 2
        }
    },
    {
        "pk": 264,
        "model": "survey.question",
        "fields": {
            "indicator": 62,
            "parent": null,
            "created": "2013-08-20T09:30:35.137Z",
            "text": "Do you know of a place where people can go to get tested for the AIDS virus?",
            "modified": "2013-08-20T09:30:35.138Z",
            "subquestion": false,
            "answer_type": "multichoice",
            "order": 3
        }
    },
    {
        "pk": 265,
        "model": "survey.question",
        "fields": {
            "indicator": 62,
            "parent": null,
            "created": "2013-08-20T09:30:35.140Z",
            "text": "Have you ever been tested to see if you have the AIDS virus?",
            "modified": "2013-08-20T09:30:35.140Z",
            "subquestion": false,
            "answer_type": "multichoice",
            "order": 4
        }
    },
    {
        "pk": 266,
        "model": "survey.question",
        "fields": {
            "indicator": 62,
            "parent": null,
            "created": "2013-08-20T09:30:35.142Z",
            "text": "When was the most recent time you were tested?",
            "modified": "2013-08-20T09:30:35.143Z",
            "subquestion": false,
            "answer_type": "multichoice",
            "order": 5
        }
    },
    {
        "pk": 267,
        "model": "survey.question",
        "fields": {
            "indicator": 62,
            "parent": null,
            "created": "2013-08-20T09:30:35.146Z",
            "text": "Can the virus that causes AIDS be transmitted from a mother to her baby during pregnancy?",
            "modified": "2013-08-20T09:30:35.146Z",
            "subquestion": false,
            "answer_type": "multichoice",
            "order": 6
        }
    },
    {
        "pk": 268,
        "model": "survey.question",
        "fields": {
            "indicator": 62,
            "parent": null,
            "created": "2013-08-20T09:30:35.148Z",
            "text": "Can the virus that causes AIDS be transmitted from a mother to her baby during delivery?",
            "modified": "2013-08-20T09:30:35.149Z",
            "subquestion": false,
            "answer_type": "multichoice",
            "order": 7
        }
    },
    {
        "pk": 269,
        "model": "survey.question",
        "fields": {
            "indicator": 62,
            "parent": null,
            "created": "2013-08-20T09:30:35.151Z",
            "text": "Can the virus that causes AIDS be transmitted from a mother to her baby by breastfeeding?",
            "modified": "2013-08-20T09:30:35.151Z",
            "subquestion": false,
            "answer_type": "multichoice",
            "order": 8
        }
    },
    {
        "pk": 270,
        "model": "survey.question",
        "fields": {
            "indicator": 62,
            "parent": null,
            "created": "2013-08-20T09:30:35.154Z",
            "text": "How often do you read a newspaper or magazine?",
            "modified": "2013-08-20T09:30:35.154Z",
            "subquestion": false,
            "answer_type": "multichoice",
            "order": 9
        }
    },
    {
        "pk": 271,
        "model": "survey.question",
        "fields": {
            "indicator": 62,
            "parent": null,
            "created": "2013-08-20T09:30:35.158Z",
            "text": "How often do you listen to the radio?",
            "modified": "2013-08-20T09:30:35.158Z",
            "subquestion": false,
            "answer_type": "multichoice",
            "order": 10
        }
    },
    {
        "pk": 272,
        "model": "survey.question",
        "fields": {
            "indicator": 62,
            "parent": null,
            "created": "2013-08-20T09:30:35.162Z",
            "text": "How often do you watch television?",
            "modified": "2013-08-20T09:30:35.162Z",
            "subquestion": false,
            "answer_type": "multichoice",
            "order": 11
        }
    },
    {
        "pk": 273,
        "model": "survey.question",
        "fields": {
            "indicator": 63,
            "parent": null,
            "created": "2013-08-20T09:30:35.172Z",
            "text": "Can people reduce their chance of getting the AIDS virus by having just one uninfected sex partner who has no other sex partners?",
            "modified": "2013-08-20T09:30:35.172Z",
            "subquestion": false,
            "answer_type": "multichoice",
            "order": 1
        }
    },
    {
        "pk": 274,
        "model": "survey.question",
        "fields": {
            "indicator": 63,
            "parent": null,
            "created": "2013-08-20T09:30:35.176Z",
            "text": "Can people get the AIDS virus because of witchcraft or other supernatural means?",
            "modified": "2013-08-20T09:30:35.176Z",
            "subquestion": false,
            "answer_type": "multichoice",
            "order": 2
        }
    },
    {
        "pk": 275,
        "model": "survey.question",
        "fields": {
            "indicator": 63,
            "parent": null,
            "created": "2013-08-20T09:30:35.179Z",
            "text": "Can people reduce their chance of getting the AIDS virus by using a condom every time they have sex?",
            "modified": "2013-08-20T09:30:35.179Z",
            "subquestion": false,
            "answer_type": "multichoice",
            "order": 3
        }
    },
    {
        "pk": 276,
        "model": "survey.question",
        "fields": {
            "indicator": 63,
            "parent": null,
            "created": "2013-08-20T09:30:35.182Z",
            "text": "Can people get the AIDS virus from mosquito bites?",
            "modified": "2013-08-20T09:30:35.182Z",
            "subquestion": false,
            "answer_type": "multichoice",
            "order": 4
        }
    },
    {
        "pk": 277,
        "model": "survey.question",
        "fields": {
            "indicator": 63,
            "parent": null,
            "created": "2013-08-20T09:30:35.185Z",
            "text": "Can people get the AIDS virus by sharing food with a person who has the AIDS virus?",
            "modified": "2013-08-20T09:30:35.185Z",
            "subquestion": false,
            "answer_type": "multichoice",
            "order": 5
        }
    },
    {
        "pk": 278,
        "model": "survey.question",
        "fields": {
            "indicator": 63,
            "parent": null,
            "created": "2013-08-20T09:30:35.188Z",
            "text": "Is it possible for a healthy-looking person to have the AIDS virus?",
            "modified": "2013-08-20T09:30:35.189Z",
            "subquestion": false,
            "answer_type": "multichoice",
            "order": 6
        }
    },
    {
        "pk": 279,
        "model": "survey.question",
        "fields": {
            "indicator": 63,
            "parent": null,
            "created": "2013-08-20T09:30:35.192Z",
            "text": "In the last 12 months, have you used a computer?",
            "modified": "2013-08-20T09:30:35.192Z",
            "subquestion": false,
            "answer_type": "multichoice",
            "order": 7
        }
    },
    {
        "pk": 280,
        "model": "survey.question",
        "fields": {
            "indicator": 63,
            "parent": null,
            "created": "2013-08-20T09:30:35.194Z",
            "text": "During the last one month, how often did you use a computer?",
            "modified": "2013-08-20T09:30:35.194Z",
            "subquestion": false,
            "answer_type": "multichoice",
            "order": 8
        }
    },
    {
        "pk": 281,
        "model": "survey.question",
        "fields": {
            "indicator": 63,
            "parent": null,
            "created": "2013-08-20T09:30:35.198Z",
            "text": "In the last 12 months, have you used the internet?",
            "modified": "2013-08-20T09:30:35.198Z",
            "subquestion": false,
            "answer_type": "multichoice",
            "order": 9
        }
    },
    {
        "pk": 282,
        "model": "survey.question",
        "fields": {
            "indicator": 63,
            "parent": null,
            "created": "2013-08-20T09:30:35.200Z",
            "text": "During the last one month, how often did you use the internet?",
            "modified": "2013-08-20T09:30:35.201Z",
            "subquestion": false,
            "answer_type": "multichoice",
            "order": 10
        }
    },
    {
        "pk": 283,
        "model": "survey.question",
        "fields": {
            "indicator": 63,
            "parent": null,
            "created": "2013-08-20T09:30:35.204Z",
            "text": "Compared to this time last year, would you say that your life has improved, stayed more or less the same, or worsened, overall?",
            "modified": "2013-08-20T09:30:35.204Z",
            "subquestion": false,
            "answer_type": "multichoice",
            "order": 11
        }
    },
    {
        "pk": 284,
        "model": "survey.question",
        "fields": {
            "indicator": 63,
            "parent": null,
            "created": "2013-08-20T09:30:35.207Z",
            "text": "And in one year from now, do you expect that your life will be better, will be more or less the same, or will be worse, overall?",
            "modified": "2013-08-20T09:30:35.208Z",
            "subquestion": false,
            "answer_type": "multichoice",
            "order": 12
        }
    },
    {
        "pk": 499,
        "model": "survey.questionoption",
        "fields": {
            "text": "Piped tap water",
            "order": 1,
            "question": 242,
            "modified": "2013-08-20T09:30:35.069Z",
            "created": "2013-08-20T09:30:35.068Z"
        }
    },
    {
        "pk": 500,
        "model": "survey.questionoption",
        "fields": {
            "text": "Borehole",
            "order": 2,
            "question": 242,
            "modified": "2013-08-20T09:30:35.070Z",
            "created": "2013-08-20T09:30:35.069Z"
        }
    },
    {
        "pk": 501,
        "model": "survey.questionoption",
        "fields": {
            "text": "Protected well/spring",
            "order": 3,
            "question": 242,
            "modified": "2013-08-20T09:30:35.070Z",
            "created": "2013-08-20T09:30:35.070Z"
        }
    },
    {
        "pk": 502,
        "model": "survey.questionoption",
        "fields": {
            "text": "Unprotected well/spring",
            "order": 4,
            "question": 242,
            "modified": "2013-08-20T09:30:35.071Z",
            "created": "2013-08-20T09:30:35.071Z"
        }
    },
    {
        "pk": 503,
        "model": "survey.questionoption",
        "fields": {
            "text": "Public tap",
            "order": 5,
            "question": 242,
            "modified": "2013-08-20T09:30:35.072Z",
            "created": "2013-08-20T09:30:35.072Z"
        }
    },
    {
        "pk": 504,
        "model": "survey.questionoption",
        "fields": {
            "text": "Gravity Flow scheme",
            "order": 6,
            "question": 242,
            "modified": "2013-08-20T09:30:35.073Z",
            "created": "2013-08-20T09:30:35.073Z"
        }
    },
    {
        "pk": 505,
        "model": "survey.questionoption",
        "fields": {
            "text": "Bottled water",
            "order": 7,
            "question": 242,
            "modified": "2013-08-20T09:30:35.073Z",
            "created": "2013-08-20T09:30:35.073Z"
        }
    },
    {
        "pk": 506,
        "model": "survey.questionoption",
        "fields": {
            "text": "Tanker-truck/cart",
            "order": 8,
            "question": 242,
            "modified": "2013-08-20T09:30:35.074Z",
            "created": "2013-08-20T09:30:35.074Z"
        }
    },
    {
        "pk": 507,
        "model": "survey.questionoption",
        "fields": {
            "text": "Surface water (river, stream, dam, lake, pond, canal, irrigation channel)",
            "order": 9,
            "question": 242,
            "modified": "2013-08-20T09:30:35.075Z",
            "created": "2013-08-20T09:30:35.075Z"
        }
    },
    {
        "pk": 508,
        "model": "survey.questionoption",
        "fields": {
            "text": "Others",
            "order": 10,
            "question": 242,
            "modified": "2013-08-20T09:30:35.076Z",
            "created": "2013-08-20T09:30:35.076Z"
        }
    },
    {
        "pk": 509,
        "model": "survey.questionoption",
        "fields": {
            "text": "Flush/Pour flush",
            "order": 1,
            "question": 244,
            "modified": "2013-08-20T09:30:35.079Z",
            "created": "2013-08-20T09:30:35.079Z"
        }
    },
    {
        "pk": 510,
        "model": "survey.questionoption",
        "fields": {
            "text": "Ventilated Improved Pit (VIP) latrine",
            "order": 2,
            "question": 244,
            "modified": "2013-08-20T09:30:35.080Z",
            "created": "2013-08-20T09:30:35.080Z"
        }
    },
    {
        "pk": 511,
        "model": "survey.questionoption",
        "fields": {
            "text": "Pit latrine with slab /covered pit",
            "order": 3,
            "question": 244,
            "modified": "2013-08-20T09:30:35.081Z",
            "created": "2013-08-20T09:30:35.080Z"
        }
    },
    {
        "pk": 512,
        "model": "survey.questionoption",
        "fields": {
            "text": "Pit latrine without slab /uncovered pit",
            "order": 4,
            "question": 244,
            "modified": "2013-08-20T09:30:35.081Z",
            "created": "2013-08-20T09:30:35.081Z"
        }
    },
    {
        "pk": 513,
        "model": "survey.questionoption",
        "fields": {
            "text": "ECOSAN/Composting toilet",
            "order": 5,
            "question": 244,
            "modified": "2013-08-20T09:30:35.082Z",
            "created": "2013-08-20T09:30:35.082Z"
        }
    },
    {
        "pk": 514,
        "model": "survey.questionoption",
        "fields": {
            "text": "Hanging toilet/latrine",
            "order": 6,
            "question": 244,
            "modified": "2013-08-20T09:30:35.083Z",
            "created": "2013-08-20T09:30:35.083Z"
        }
    },
    {
        "pk": 515,
        "model": "survey.questionoption",
        "fields": {
            "text": "No facility, Bush, Field",
            "order": 7,
            "question": 244,
            "modified": "2013-08-20T09:30:35.084Z",
            "created": "2013-08-20T09:30:35.084Z"
        }
    },
    {
        "pk": 516,
        "model": "survey.questionoption",
        "fields": {
            "text": "Others",
            "order": 8,
            "question": 244,
            "modified": "2013-08-20T09:30:35.085Z",
            "created": "2013-08-20T09:30:35.085Z"
        }
    },
    {
        "pk": 517,
        "model": "survey.questionoption",
        "fields": {
            "text": "Yes, with water and soap",
            "order": 1,
            "question": 246,
            "modified": "2013-08-20T09:30:35.088Z",
            "created": "2013-08-20T09:30:35.088Z"
        }
    },
    {
        "pk": 518,
        "model": "survey.questionoption",
        "fields": {
            "text": "Yes, with water only",
            "order": 2,
            "question": 246,
            "modified": "2013-08-20T09:30:35.089Z",
            "created": "2013-08-20T09:30:35.088Z"
        }
    },
    {
        "pk": 519,
        "model": "survey.questionoption",
        "fields": {
            "text": "No",
            "order": 3,
            "question": 246,
            "modified": "2013-08-20T09:30:35.089Z",
            "created": "2013-08-20T09:30:35.089Z"
        }
    },
    {
        "pk": 520,
        "model": "survey.questionoption",
        "fields": {
            "text": "Yes",
            "order": 1,
            "question": 247,
            "modified": "2013-08-20T09:30:35.091Z",
            "created": "2013-08-20T09:30:35.091Z"
        }
    },
    {
        "pk": 521,
        "model": "survey.questionoption",
        "fields": {
            "text": "No",
            "order": 2,
            "question": 247,
            "modified": "2013-08-20T09:30:35.092Z",
            "created": "2013-08-20T09:30:35.092Z"
        }
    },
    {
        "pk": 522,
        "model": "survey.questionoption",
        "fields": {
            "text": "Yes",
            "order": 1,
            "question": 248,
            "modified": "2013-08-20T09:30:35.094Z",
            "created": "2013-08-20T09:30:35.094Z"
        }
    },
    {
        "pk": 523,
        "model": "survey.questionoption",
        "fields": {
            "text": "No",
            "order": 2,
            "question": 248,
            "modified": "2013-08-20T09:30:35.094Z",
            "created": "2013-08-20T09:30:35.094Z"
        }
    },
    {
        "pk": 524,
        "model": "survey.questionoption",
        "fields": {
            "text": "Dont Know",
            "order": 3,
            "question": 248,
            "modified": "2013-08-20T09:30:35.095Z",
            "created": "2013-08-20T09:30:35.095Z"
        }
    },
    {
        "pk": 525,
        "model": "survey.questionoption",
        "fields": {
            "text": "Yes",
            "order": 1,
            "question": 260,
            "modified": "2013-08-20T09:30:35.126Z",
            "created": "2013-08-20T09:30:35.126Z"
        }
    },
    {
        "pk": 526,
        "model": "survey.questionoption",
        "fields": {
            "text": "No",
            "order": 2,
            "question": 260,
            "modified": "2013-08-20T09:30:35.127Z",
            "created": "2013-08-20T09:30:35.127Z"
        }
    },
    {
        "pk": 527,
        "model": "survey.questionoption",
        "fields": {
            "text": "Yes",
            "order": 1,
            "question": 263,
            "modified": "2013-08-20T09:30:35.136Z",
            "created": "2013-08-20T09:30:35.136Z"
        }
    },
    {
        "pk": 528,
        "model": "survey.questionoption",
        "fields": {
            "text": "No",
            "order": 2,
            "question": 263,
            "modified": "2013-08-20T09:30:35.137Z",
            "created": "2013-08-20T09:30:35.137Z"
        }
    },
    {
        "pk": 529,
        "model": "survey.questionoption",
        "fields": {
            "text": "Yes",
            "order": 1,
            "question": 264,
            "modified": "2013-08-20T09:30:35.138Z",
            "created": "2013-08-20T09:30:35.138Z"
        }
    },
    {
        "pk": 530,
        "model": "survey.questionoption",
        "fields": {
            "text": "No",
            "order": 2,
            "question": 264,
            "modified": "2013-08-20T09:30:35.139Z",
            "created": "2013-08-20T09:30:35.139Z"
        }
    },
    {
        "pk": 531,
        "model": "survey.questionoption",
        "fields": {
            "text": "Yes",
            "order": 1,
            "question": 265,
            "modified": "2013-08-20T09:30:35.141Z",
            "created": "2013-08-20T09:30:35.141Z"
        }
    },
    {
        "pk": 532,
        "model": "survey.questionoption",
        "fields": {
            "text": "No",
            "order": 2,
            "question": 265,
            "modified": "2013-08-20T09:30:35.142Z",
            "created": "2013-08-20T09:30:35.142Z"
        }
    },
    {
        "pk": 533,
        "model": "survey.questionoption",
        "fields": {
            "text": "Less than 12 months ago",
            "order": 1,
            "question": 266,
            "modified": "2013-08-20T09:30:35.144Z",
            "created": "2013-08-20T09:30:35.143Z"
        }
    },
    {
        "pk": 534,
        "model": "survey.questionoption",
        "fields": {
            "text": "12-23 months ago",
            "order": 2,
            "question": 266,
            "modified": "2013-08-20T09:30:35.144Z",
            "created": "2013-08-20T09:30:35.144Z"
        }
    },
    {
        "pk": 535,
        "model": "survey.questionoption",
        "fields": {
            "text": "2 or more years ago",
            "order": 3,
            "question": 266,
            "modified": "2013-08-20T09:30:35.145Z",
            "created": "2013-08-20T09:30:35.145Z"
        }
    },
    {
        "pk": 536,
        "model": "survey.questionoption",
        "fields": {
            "text": "Yes",
            "order": 1,
            "question": 267,
            "modified": "2013-08-20T09:30:35.147Z",
            "created": "2013-08-20T09:30:35.147Z"
        }
    },
    {
        "pk": 537,
        "model": "survey.questionoption",
        "fields": {
            "text": "No",
            "order": 2,
            "question": 267,
            "modified": "2013-08-20T09:30:35.148Z",
            "created": "2013-08-20T09:30:35.148Z"
        }
    },
    {
        "pk": 538,
        "model": "survey.questionoption",
        "fields": {
            "text": "Yes",
            "order": 1,
            "question": 268,
            "modified": "2013-08-20T09:30:35.149Z",
            "created": "2013-08-20T09:30:35.149Z"
        }
    },
    {
        "pk": 539,
        "model": "survey.questionoption",
        "fields": {
            "text": "No",
            "order": 2,
            "question": 268,
            "modified": "2013-08-20T09:30:35.150Z",
            "created": "2013-08-20T09:30:35.150Z"
        }
    },
    {
        "pk": 540,
        "model": "survey.questionoption",
        "fields": {
            "text": "Yes",
            "order": 1,
            "question": 269,
            "modified": "2013-08-20T09:30:35.152Z",
            "created": "2013-08-20T09:30:35.152Z"
        }
    },
    {
        "pk": 541,
        "model": "survey.questionoption",
        "fields": {
            "text": "No",
            "order": 2,
            "question": 269,
            "modified": "2013-08-20T09:30:35.153Z",
            "created": "2013-08-20T09:30:35.153Z"
        }
    },
    {
        "pk": 542,
        "model": "survey.questionoption",
        "fields": {
            "text": "Almost every day",
            "order": 1,
            "question": 270,
            "modified": "2013-08-20T09:30:35.155Z",
            "created": "2013-08-20T09:30:35.155Z"
        }
    },
    {
        "pk": 543,
        "model": "survey.questionoption",
        "fields": {
            "text": "At least once a week",
            "order": 2,
            "question": 270,
            "modified": "2013-08-20T09:30:35.155Z",
            "created": "2013-08-20T09:30:35.155Z"
        }
    },
    {
        "pk": 544,
        "model": "survey.questionoption",
        "fields": {
            "text": "Less than once a week",
            "order": 3,
            "question": 270,
            "modified": "2013-08-20T09:30:35.156Z",
            "created": "2013-08-20T09:30:35.156Z"
        }
    },
    {
        "pk": 545,
        "model": "survey.questionoption",
        "fields": {
            "text": "Not at all",
            "order": 4,
            "question": 270,
            "modified": "2013-08-20T09:30:35.157Z",
            "created": "2013-08-20T09:30:35.157Z"
        }
    },
    {
        "pk": 546,
        "model": "survey.questionoption",
        "fields": {
            "text": "Almost every day",
            "order": 1,
            "question": 271,
            "modified": "2013-08-20T09:30:35.159Z",
            "created": "2013-08-20T09:30:35.159Z"
        }
    },
    {
        "pk": 547,
        "model": "survey.questionoption",
        "fields": {
            "text": "At least once a week",
            "order": 2,
            "question": 271,
            "modified": "2013-08-20T09:30:35.160Z",
            "created": "2013-08-20T09:30:35.159Z"
        }
    },
    {
        "pk": 548,
        "model": "survey.questionoption",
        "fields": {
            "text": "Less than once a week",
            "order": 3,
            "question": 271,
            "modified": "2013-08-20T09:30:35.160Z",
            "created": "2013-08-20T09:30:35.160Z"
        }
    },
    {
        "pk": 549,
        "model": "survey.questionoption",
        "fields": {
            "text": "Not at all",
            "order": 4,
            "question": 271,
            "modified": "2013-08-20T09:30:35.161Z",
            "created": "2013-08-20T09:30:35.161Z"
        }
    },
    {
        "pk": 550,
        "model": "survey.questionoption",
        "fields": {
            "text": "Almost every day",
            "order": 1,
            "question": 272,
            "modified": "2013-08-20T09:30:35.163Z",
            "created": "2013-08-20T09:30:35.163Z"
        }
    },
    {
        "pk": 551,
        "model": "survey.questionoption",
        "fields": {
            "text": "At least once a week",
            "order": 2,
            "question": 272,
            "modified": "2013-08-20T09:30:35.164Z",
            "created": "2013-08-20T09:30:35.163Z"
        }
    },
    {
        "pk": 552,
        "model": "survey.questionoption",
        "fields": {
            "text": "Less than once a week",
            "order": 3,
            "question": 272,
            "modified": "2013-08-20T09:30:35.164Z",
            "created": "2013-08-20T09:30:35.164Z"
        }
    },
    {
        "pk": 553,
        "model": "survey.questionoption",
        "fields": {
            "text": "Not at all",
            "order": 4,
            "question": 272,
            "modified": "2013-08-20T09:30:35.165Z",
            "created": "2013-08-20T09:30:35.165Z"
        }
    },
    {
        "pk": 554,
        "model": "survey.questionoption",
        "fields": {
            "text": "Yes",
            "order": 1,
            "question": 273,
            "modified": "2013-08-20T09:30:35.173Z",
            "created": "2013-08-20T09:30:35.173Z"
        }
    },
    {
        "pk": 555,
        "model": "survey.questionoption",
        "fields": {
            "text": "No",
            "order": 2,
            "question": 273,
            "modified": "2013-08-20T09:30:35.174Z",
            "created": "2013-08-20T09:30:35.174Z"
        }
    },
    {
        "pk": 556,
        "model": "survey.questionoption",
        "fields": {
            "text": "Dont know",
            "order": 3,
            "question": 273,
            "modified": "2013-08-20T09:30:35.175Z",
            "created": "2013-08-20T09:30:35.175Z"
        }
    },
    {
        "pk": 557,
        "model": "survey.questionoption",
        "fields": {
            "text": "Yes",
            "order": 1,
            "question": 274,
            "modified": "2013-08-20T09:30:35.177Z",
            "created": "2013-08-20T09:30:35.177Z"
        }
    },
    {
        "pk": 558,
        "model": "survey.questionoption",
        "fields": {
            "text": "No",
            "order": 2,
            "question": 274,
            "modified": "2013-08-20T09:30:35.178Z",
            "created": "2013-08-20T09:30:35.178Z"
        }
    },
    {
        "pk": 559,
        "model": "survey.questionoption",
        "fields": {
            "text": "Dont know",
            "order": 3,
            "question": 274,
            "modified": "2013-08-20T09:30:35.178Z",
            "created": "2013-08-20T09:30:35.178Z"
        }
    },
    {
        "pk": 560,
        "model": "survey.questionoption",
        "fields": {
            "text": "Yes",
            "order": 1,
            "question": 275,
            "modified": "2013-08-20T09:30:35.180Z",
            "created": "2013-08-20T09:30:35.180Z"
        }
    },
    {
        "pk": 561,
        "model": "survey.questionoption",
        "fields": {
            "text": "No",
            "order": 2,
            "question": 275,
            "modified": "2013-08-20T09:30:35.181Z",
            "created": "2013-08-20T09:30:35.181Z"
        }
    },
    {
        "pk": 562,
        "model": "survey.questionoption",
        "fields": {
            "text": "Dont know",
            "order": 3,
            "question": 275,
            "modified": "2013-08-20T09:30:35.182Z",
            "created": "2013-08-20T09:30:35.182Z"
        }
    },
    {
        "pk": 563,
        "model": "survey.questionoption",
        "fields": {
            "text": "Yes",
            "order": 1,
            "question": 276,
            "modified": "2013-08-20T09:30:35.183Z",
            "created": "2013-08-20T09:30:35.183Z"
        }
    },
    {
        "pk": 564,
        "model": "survey.questionoption",
        "fields": {
            "text": "No",
            "order": 2,
            "question": 276,
            "modified": "2013-08-20T09:30:35.184Z",
            "created": "2013-08-20T09:30:35.184Z"
        }
    },
    {
        "pk": 565,
        "model": "survey.questionoption",
        "fields": {
            "text": "Dont know",
            "order": 3,
            "question": 276,
            "modified": "2013-08-20T09:30:35.185Z",
            "created": "2013-08-20T09:30:35.185Z"
        }
    },
    {
        "pk": 566,
        "model": "survey.questionoption",
        "fields": {
            "text": "Yes",
            "order": 1,
            "question": 277,
            "modified": "2013-08-20T09:30:35.186Z",
            "created": "2013-08-20T09:30:35.186Z"
        }
    },
    {
        "pk": 567,
        "model": "survey.questionoption",
        "fields": {
            "text": "No",
            "order": 2,
            "question": 277,
            "modified": "2013-08-20T09:30:35.187Z",
            "created": "2013-08-20T09:30:35.187Z"
        }
    },
    {
        "pk": 568,
        "model": "survey.questionoption",
        "fields": {
            "text": "Dont know",
            "order": 3,
            "question": 277,
            "modified": "2013-08-20T09:30:35.188Z",
            "created": "2013-08-20T09:30:35.188Z"
        }
    },
    {
        "pk": 569,
        "model": "survey.questionoption",
        "fields": {
            "text": "Yes",
            "order": 1,
            "question": 278,
            "modified": "2013-08-20T09:30:35.189Z",
            "created": "2013-08-20T09:30:35.189Z"
        }
    },
    {
        "pk": 570,
        "model": "survey.questionoption",
        "fields": {
            "text": "No",
            "order": 2,
            "question": 278,
            "modified": "2013-08-20T09:30:35.190Z",
            "created": "2013-08-20T09:30:35.190Z"
        }
    },
    {
        "pk": 571,
        "model": "survey.questionoption",
        "fields": {
            "text": "Dont know",
            "order": 3,
            "question": 278,
            "modified": "2013-08-20T09:30:35.191Z",
            "created": "2013-08-20T09:30:35.191Z"
        }
    },
    {
        "pk": 572,
        "model": "survey.questionoption",
        "fields": {
            "text": "Yes",
            "order": 1,
            "question": 279,
            "modified": "2013-08-20T09:30:35.193Z",
            "created": "2013-08-20T09:30:35.193Z"
        }
    },
    {
        "pk": 573,
        "model": "survey.questionoption",
        "fields": {
            "text": "No",
            "order": 2,
            "question": 279,
            "modified": "2013-08-20T09:30:35.194Z",
            "created": "2013-08-20T09:30:35.193Z"
        }
    },
    {
        "pk": 574,
        "model": "survey.questionoption",
        "fields": {
            "text": "Almost every day",
            "order": 1,
            "question": 280,
            "modified": "2013-08-20T09:30:35.195Z",
            "created": "2013-08-20T09:30:35.195Z"
        }
    },
    {
        "pk": 575,
        "model": "survey.questionoption",
        "fields": {
            "text": "At least once a week",
            "order": 2,
            "question": 280,
            "modified": "2013-08-20T09:30:35.196Z",
            "created": "2013-08-20T09:30:35.196Z"
        }
    },
    {
        "pk": 576,
        "model": "survey.questionoption",
        "fields": {
            "text": "Less than once a week",
            "order": 3,
            "question": 280,
            "modified": "2013-08-20T09:30:35.197Z",
            "created": "2013-08-20T09:30:35.196Z"
        }
    },
    {
        "pk": 577,
        "model": "survey.questionoption",
        "fields": {
            "text": "Not at all",
            "order": 4,
            "question": 280,
            "modified": "2013-08-20T09:30:35.197Z",
            "created": "2013-08-20T09:30:35.197Z"
        }
    },
    {
        "pk": 578,
        "model": "survey.questionoption",
        "fields": {
            "text": "Yes",
            "order": 1,
            "question": 281,
            "modified": "2013-08-20T09:30:35.199Z",
            "created": "2013-08-20T09:30:35.199Z"
        }
    },
    {
        "pk": 579,
        "model": "survey.questionoption",
        "fields": {
            "text": "No",
            "order": 2,
            "question": 281,
            "modified": "2013-08-20T09:30:35.200Z",
            "created": "2013-08-20T09:30:35.200Z"
        }
    },
    {
        "pk": 580,
        "model": "survey.questionoption",
        "fields": {
            "text": "Almost every day",
            "order": 1,
            "question": 282,
            "modified": "2013-08-20T09:30:35.201Z",
            "created": "2013-08-20T09:30:35.201Z"
        }
    },
    {
        "pk": 581,
        "model": "survey.questionoption",
        "fields": {
            "text": "At least once a week",
            "order": 2,
            "question": 282,
            "modified": "2013-08-20T09:30:35.202Z",
            "created": "2013-08-20T09:30:35.202Z"
        }
    },
    {
        "pk": 582,
        "model": "survey.questionoption",
        "fields": {
            "text": "Less than once a week",
            "order": 3,
            "question": 282,
            "modified": "2013-08-20T09:30:35.203Z",
            "created": "2013-08-20T09:30:35.203Z"
        }
    },
    {
        "pk": 583,
        "model": "survey.questionoption",
        "fields": {
            "text": "Not at all",
            "order": 4,
            "question": 282,
            "modified": "2013-08-20T09:30:35.204Z",
            "created": "2013-08-20T09:30:35.204Z"
        }
    },
    {
        "pk": 584,
        "model": "survey.questionoption",
        "fields": {
            "text": "Improved",
            "order": 1,
            "question": 283,
            "modified": "2013-08-20T09:30:35.205Z",
            "created": "2013-08-20T09:30:35.205Z"
        }
    },
    {
        "pk": 585,
        "model": "survey.questionoption",
        "fields": {
            "text": "More or less the same",
            "order": 2,
            "question": 283,
            "modified": "2013-08-20T09:30:35.206Z",
            "created": "2013-08-20T09:30:35.206Z"
        }
    },
    {
        "pk": 586,
        "model": "survey.questionoption",
        "fields": {
            "text": "Worsened",
            "order": 3,
            "question": 283,
            "modified": "2013-08-20T09:30:35.207Z",
            "created": "2013-08-20T09:30:35.207Z"
        }
    },
    {
        "pk": 587,
        "model": "survey.questionoption",
        "fields": {
            "text": "Better",
            "order": 1,
            "question": 284,
            "modified": "2013-08-20T09:30:35.208Z",
            "created": "2013-08-20T09:30:35.208Z"
        }
    },
    {
        "pk": 588,
        "model": "survey.questionoption",
        "fields": {
            "text": "More or less the same",
            "order": 2,
            "question": 284,
            "modified": "2013-08-20T09:30:35.209Z",
            "created": "2013-08-20T09:30:35.209Z"
        }
    },
    {
        "pk": 589,
        "model": "survey.questionoption",
        "fields": {
            "text": "Worsened",
            "order": 3,
            "question": 284,
            "modified": "2013-08-20T09:30:35.210Z",
            "created": "2013-08-20T09:30:35.210Z"
        }
    },
    {
        "pk": 27,
        "model": "survey.survey",
        "fields": {
            "description": "MICS Uganda 2013",
            "modified": "2013-08-20T09:30:35.063Z",
            "name": "MICS Uganda 2013",
            "created": "2013-08-20T09:30:35.063Z"
        }
    },
    {
        "pk": 28,
        "model": "survey.batch",
        "fields": {
            "order": 1,
            "survey": 27,
            "modified": "2013-08-20T09:30:35.064Z",
            "name": "Batch A",
            "created": "2013-08-20T09:30:35.064Z"
        }
    },
    {
        "pk": 29,
        "model": "survey.batch",
        "fields": {
            "order": 2,
            "survey": 27,
            "modified": "2013-08-20T09:30:35.108Z",
            "name": "Batch B",
            "created": "2013-08-20T09:30:35.108Z"
        }
    },
    {
        "pk": 30,
        "model": "survey.batch",
        "fields": {
            "order": 2,
            "survey": 27,
            "modified": "2013-08-20T09:30:35.121Z",
            "name": "Batch C",
            "created": "2013-08-20T09:30:35.121Z"
        }
    },
    {
        "pk": 31,
        "model": "survey.batch",
        "fields": {
            "order": 2,
            "survey": 27,
            "modified": "2013-08-20T09:30:35.132Z",
            "name": "Batch D",
            "created": "2013-08-20T09:30:35.132Z"
        }
    },
    {
        "pk": 32,
        "model": "survey.batch",
        "fields": {
            "order": 2,
            "survey": 27,
            "modified": "2013-08-20T09:30:35.171Z",
            "name": "Batch E",
            "created": "2013-08-20T09:30:35.170Z"
        }
    },
    {
        "pk": 104,
        "model": "survey.answerrule",
        "fields": {
            "validate_with_option": 508,
            "created": "2013-08-20T09:30:35.099Z",
            "next_question": 243,
            "question": 242,
            "modified": "2013-08-20T09:30:35.099Z",
            "validate_with_question": null,
            "action": "ASK_SUBQUESTION",
            "validate_with_value": null,
            "condition": "EQUALS_OPTION"
        }
    },
    {
        "pk": 105,
        "model": "survey.answerrule",
        "fields": {
            "validate_with_option": 516,
            "created": "2013-08-20T09:30:35.100Z",
            "next_question": 245,
            "question": 244,
            "modified": "2013-08-20T09:30:35.101Z",
            "validate_with_question": null,
            "action": "ASK_SUBQUESTION",
            "validate_with_value": null,
            "condition": "EQUALS_OPTION"
        }
    },
    {
        "pk": 106,
        "model": "survey.answerrule",
        "fields": {
            "validate_with_option": null,
            "created": "2013-08-20T09:30:35.101Z",
            "next_question": 251,
            "question": 249,
            "modified": "2013-08-20T09:30:35.102Z",
            "validate_with_question": null,
            "action": "SKIP_TO",
            "validate_with_value": 0,
            "condition": "EQUALS"
        }
    },
    {
        "pk": 107,
        "model": "survey.answerrule",
        "fields": {
            "validate_with_option": 521,
            "created": "2013-08-20T09:30:35.102Z",
            "next_question": 251,
            "question": 247,
            "modified": "2013-08-20T09:30:35.103Z",
            "validate_with_question": null,
            "action": "SKIP_TO",
            "validate_with_value": null,
            "condition": "EQUALS"
        }
    },
    {
        "pk": 108,
        "model": "survey.answerrule",
        "fields": {
            "validate_with_option": null,
            "created": "2013-08-20T09:30:35.103Z",
            "next_question": null,
            "question": 250,
            "modified": "2013-08-20T09:30:35.104Z",
            "validate_with_question": 249,
            "action": "REANSWER",
            "validate_with_value": null,
            "condition": "GREATER_THAN_QUESTION"
        }
    },
    {
        "pk": 109,
        "model": "survey.answerrule",
        "fields": {
            "validate_with_option": null,
            "created": "2013-08-20T09:30:35.104Z",
            "next_question": null,
            "question": 251,
            "modified": "2013-08-20T09:30:35.105Z",
            "validate_with_question": null,
            "action": "END_INTERVIEW",
            "validate_with_value": 0,
            "condition": "EQUALS"
        }
    },
    {
        "pk": 110,
        "model": "survey.answerrule",
        "fields": {
            "validate_with_option": null,
            "created": "2013-08-20T09:30:35.105Z",
            "next_question": null,
            "question": 252,
            "modified": "2013-08-20T09:30:35.106Z",
            "validate_with_question": 251,
            "action": "REANSWER",
            "validate_with_value": null,
            "condition": "GREATER_THAN_QUESTION"
        }
    },
    {
        "pk": 111,
        "model": "survey.answerrule",
        "fields": {
            "validate_with_option": null,
            "created": "2013-08-20T09:30:35.114Z",
            "next_question": null,
            "question": 253,
            "modified": "2013-08-20T09:30:35.114Z",
            "validate_with_question": null,
            "action": "END_INTERVIEW",
            "validate_with_value": 0,
            "condition": "EQUALS"
        }
    },
    {
        "pk": 112,
        "model": "survey.answerrule",
        "fields": {
            "validate_with_option": null,
            "created": "2013-08-20T09:30:35.115Z",
            "next_question": null,
            "question": 254,
            "modified": "2013-08-20T09:30:35.115Z",
            "validate_with_question": 253,
            "action": "REANSWER",
            "validate_with_value": null,
            "condition": "GREATER_THAN_QUESTION"
        }
    },
    {
        "pk": 113,
        "model": "survey.answerrule",
        "fields": {
            "validate_with_option": null,
            "created": "2013-08-20T09:30:35.116Z",
            "next_question": null,
            "question": 255,
            "modified": "2013-08-20T09:30:35.116Z",
            "validate_with_question": 254,
            "action": "REANSWER",
            "validate_with_value": null,
            "condition": "GREATER_THAN_QUESTION"
        }
    },
    {
        "pk": 114,
        "model": "survey.answerrule",
        "fields": {
            "validate_with_option": null,
            "created": "2013-08-20T09:30:35.117Z",
            "next_question": null,
            "question": 256,
            "modified": "2013-08-20T09:30:35.117Z",
            "validate_with_question": 254,
            "action": "REANSWER",
            "validate_with_value": null,
            "condition": "GREATER_THAN_QUESTION"
        }
    },
    {
        "pk": 115,
        "model": "survey.answerrule",
        "fields": {
            "validate_with_option": null,
            "created": "2013-08-20T09:30:35.118Z",
            "next_question": null,
            "question": 257,
            "modified": "2013-08-20T09:30:35.118Z",
            "validate_with_question": 254,
            "action": "REANSWER",
            "validate_with_value": null,
            "condition": "GREATER_THAN_QUESTION"
        }
    },
    {
        "pk": 116,
        "model": "survey.answerrule",
        "fields": {
            "validate_with_option": 526,
            "created": "2013-08-20T09:30:35.128Z",
            "next_question": null,
            "question": 260,
            "modified": "2013-08-20T09:30:35.129Z",
            "validate_with_question": null,
            "action": "END_INTERVIEW",
            "validate_with_value": null,
            "condition": "EQUALS_OPTION"
        }
    },
    {
        "pk": 117,
        "model": "survey.answerrule",
        "fields": {
            "validate_with_option": null,
            "created": "2013-08-20T09:30:35.166Z",
            "next_question": null,
            "question": 262,
            "modified": "2013-08-20T09:30:35.166Z",
            "validate_with_question": null,
            "action": "END_INTERVIEW",
            "validate_with_value": 0,
            "condition": "EQUALS"
        }
    },
    {
        "pk": 118,
        "model": "survey.answerrule",
        "fields": {
            "validate_with_option": 532,
            "created": "2013-08-20T09:30:35.167Z",
            "next_question": 267,
            "question": 265,
            "modified": "2013-08-20T09:30:35.167Z",
            "validate_with_question": null,
            "action": "SKIP_TO",
            "validate_with_value": null,
            "condition": "EQUALS_OPTION"
        }
    },
    {
        "pk": 119,
        "model": "survey.answerrule",
        "fields": {
            "validate_with_option": 573,
            "created": "2013-08-20T09:30:35.211Z",
            "next_question": 281,
            "question": 279,
            "modified": "2013-08-20T09:30:35.211Z",
            "validate_with_question": null,
            "action": "SKIP_TO",
            "validate_with_value": null,
            "condition": "EQUALS_OPTION"
        }
    }
]