[
    {
        "pk": 1,
        "model": "survey.question",
        "fields": {
            "parent": null,
            "created": "2013-08-26T11:34:27.317Z",
            "text": "How many people usually live in this household?",
            "batch": 1,
            "modified": "2013-08-26T11:34:27.317Z",
            "subquestion": false,
            "answer_type": "number",
            "identifier": null,
            "order": 1
        }
    },
    {
        "pk": 2,
        "model": "survey.question",
        "fields": {
            "parent": null,
            "created": "2013-08-26T11:34:27.319Z",
            "text": "What is the households main source of drinking water?",
            "batch": 1,
            "modified": "2013-08-26T11:34:27.319Z",
            "subquestion": false,
            "answer_type": "multichoice",
            "identifier": null,
            "order": 2
        }
    },
    {
        "pk": 3,
        "model": "survey.question",
        "fields": {
            "parent": 2,
            "created": "2013-08-26T11:34:27.331Z",
            "text": "Describe the source of drinking water",
            "batch": 1,
            "modified": "2013-08-26T11:34:27.331Z",
            "subquestion": true,
            "answer_type": "text",
            "identifier": null,
            "order": null
        }
    },
    {
        "pk": 4,
        "model": "survey.question",
        "fields": {
            "parent": null,
            "created": "2013-08-26T11:34:27.332Z",
            "text": "What is the type of toilet that is mainly used in this household?",
            "batch": 1,
            "modified": "2013-08-26T11:34:27.333Z",
            "subquestion": false,
            "answer_type": "multichoice",
            "identifier": null,
            "order": 3
        }
    },
    {
        "pk": 5,
        "model": "survey.question",
        "fields": {
            "parent": 4,
            "created": "2013-08-26T11:34:27.340Z",
            "text": "Describe the type of toilet being used",
            "batch": 1,
            "modified": "2013-08-26T11:34:27.340Z",
            "subquestion": true,
            "answer_type": "text",
            "identifier": null,
            "order": null
        }
    },
    {
        "pk": 6,
        "model": "survey.question",
        "fields": {
            "parent": null,
            "created": "2013-08-26T11:34:27.341Z",
            "text": "Does this household have a hand-washing facility at the toilet?",
            "batch": 1,
            "modified": "2013-08-26T11:34:27.341Z",
            "subquestion": false,
            "answer_type": "multichoice",
            "identifier": null,
            "order": 4
        }
    },
    {
        "pk": 7,
        "model": "survey.question",
        "fields": {
            "parent": null,
            "created": "2013-08-26T11:34:27.345Z",
            "text": "Does your household have any mosquito nets that are used while sleeping?",
            "batch": 1,
            "modified": "2013-08-26T11:34:27.345Z",
            "subquestion": false,
            "answer_type": "multichoice",
            "identifier": null,
            "order": 5
        }
    },
    {
        "pk": 8,
        "model": "survey.question",
        "fields": {
            "parent": null,
            "created": "2013-08-26T11:34:27.347Z",
            "text": "Are these insecticide-treated mosquito nets?",
            "batch": 1,
            "modified": "2013-08-26T11:34:27.347Z",
            "subquestion": false,
            "answer_type": "multichoice",
            "identifier": null,
            "order": 6
        }
    },
    {
        "pk": 9,
        "model": "survey.question",
        "fields": {
            "parent": null,
            "created": "2013-08-26T11:34:27.351Z",
            "text": "How many children are aged under 5 (FIVE) years in this household?",
            "batch": 1,
            "modified": "2013-08-26T11:34:27.351Z",
            "subquestion": false,
            "answer_type": "number",
            "identifier": null,
            "order": 7
        }
    },
    {
        "pk": 10,
        "model": "survey.question",
        "fields": {
            "parent": null,
            "created": "2013-08-26T11:34:27.352Z",
            "text": "How many of them slept under a mosquito net last night?",
            "batch": 1,
            "modified": "2013-08-26T11:34:27.352Z",
            "subquestion": false,
            "answer_type": "number",
            "identifier": null,
            "order": 8
        }
    },
    {
        "pk": 11,
        "model": "survey.question",
        "fields": {
            "parent": null,
            "created": "2013-08-26T11:34:27.353Z",
            "text": "How many pregnant women aged between 15-49 years are in this household?",
            "batch": 1,
            "modified": "2013-08-26T11:34:27.353Z",
            "subquestion": false,
            "answer_type": "number",
            "identifier": null,
            "order": 9
        }
    },
    {
        "pk": 12,
        "model": "survey.question",
        "fields": {
            "parent": null,
            "created": "2013-08-26T11:34:27.354Z",
            "text": "How many of the currently pregnant women slept under an Insecticide-Treated mosquito net last night?",
            "batch": 1,
            "modified": "2013-08-26T11:34:27.354Z",
            "subquestion": false,
            "answer_type": "number",
            "identifier": null,
            "order": 10
        }
    },
    {
        "pk": 13,
        "model": "survey.question",
        "fields": {
            "parent": null,
            "created": "2013-08-26T11:34:27.367Z",
            "text": "How many women aged between 15-49 years are in this household?",
            "batch": 2,
            "modified": "2013-08-26T11:34:27.368Z",
            "subquestion": false,
            "answer_type": "number",
            "identifier": null,
            "order": 1
        }
    },
    {
        "pk": 14,
        "model": "survey.question",
        "fields": {
            "parent": null,
            "created": "2013-08-26T11:34:27.369Z",
            "text": "**ASK TO SPEAK TO ONE OF THESE WOMEN** \n How many of these women has had a live birth in the last 2 years?",
            "batch": 2,
            "modified": "2013-08-26T11:34:27.369Z",
            "subquestion": false,
            "answer_type": "number",
            "identifier": null,
            "order": 2
        }
    },
    {
        "pk": 15,
        "model": "survey.question",
        "fields": {
            "parent": null,
            "created": "2013-08-26T11:34:27.370Z",
            "text": "How many of these child births were delivered in a health facility?",
            "batch": 2,
            "modified": "2013-08-26T11:34:27.370Z",
            "subquestion": false,
            "answer_type": "number",
            "identifier": null,
            "order": 3
        }
    },
    {
        "pk": 16,
        "model": "survey.question",
        "fields": {
            "parent": null,
            "created": "2013-08-26T11:34:27.371Z",
            "text": "How many of these child births were assisted by a skilled health personnel?",
            "batch": 2,
            "modified": "2013-08-26T11:34:27.371Z",
            "subquestion": false,
            "answer_type": "number",
            "identifier": null,
            "order": 4
        }
    },
    {
        "pk": 17,
        "model": "survey.question",
        "fields": {
            "parent": null,
            "created": "2013-08-26T11:34:27.372Z",
            "text": "How many of these new borns were breast fed within 1 hour of birth?",
            "batch": 2,
            "modified": "2013-08-26T11:34:27.373Z",
            "subquestion": false,
            "answer_type": "number",
            "identifier": null,
            "order": 5
        }
    },
    {
        "pk": 18,
        "model": "survey.question",
        "fields": {
            "parent": null,
            "created": "2013-08-26T11:34:27.382Z",
            "text": "How many times did you receive antenatal care during the last pregnancy?",
            "batch": 2,
            "modified": "2013-08-26T11:34:27.382Z",
            "subquestion": false,
            "answer_type": "number",
            "identifier": null,
            "order": 6
        }
    },
    {
        "pk": 19,
        "model": "survey.question",
        "fields": {
            "parent": null,
            "created": "2013-08-26T11:34:27.383Z",
            "text": "During the last pregnancy, did you receive any injection on the arm or shoulder to prevent the baby from getting tetanus?",
            "batch": 2,
            "modified": "2013-08-26T11:34:27.383Z",
            "subquestion": false,
            "answer_type": "multichoice",
            "identifier": null,
            "order": 7
        }
    },
    {
        "pk": 20,
        "model": "survey.question",
        "fields": {
            "parent": null,
            "created": "2013-08-26T11:34:27.386Z",
            "text": "How many times did you receive this tetanus injection during your pregnancy?",
            "batch": 2,
            "modified": "2013-08-26T11:34:27.386Z",
            "subquestion": false,
            "answer_type": "number",
            "identifier": null,
            "order": 8
        }
    },
    {
        "pk": 21,
        "model": "survey.question",
        "fields": {
            "parent": null,
            "created": "2013-08-26T11:34:27.394Z",
            "text": "How many women aged between 15-49 years are in this household?",
            "batch": 3,
            "modified": "2013-08-26T11:34:27.394Z",
            "subquestion": false,
            "answer_type": "number",
            "identifier": null,
            "order": 1
        }
    },
    {
        "pk": 22,
        "model": "survey.question",
        "fields": {
            "parent": null,
            "created": "2013-08-26T11:34:27.395Z",
            "text": "**ASK TO SPEAK TO ONE OF THE WOMEN** \n Have you ever heard of an illness called AIDS?",
            "batch": 3,
            "modified": "2013-08-26T11:34:27.395Z",
            "subquestion": false,
            "answer_type": "multichoice",
            "identifier": null,
            "order": 2
        }
    },
    {
        "pk": 23,
        "model": "survey.question",
        "fields": {
            "parent": null,
            "created": "2013-08-26T11:34:27.397Z",
            "text": "Do you know of a place where people can go to get tested for the AIDS virus?",
            "batch": 3,
            "modified": "2013-08-26T11:34:27.398Z",
            "subquestion": false,
            "answer_type": "multichoice",
            "identifier": null,
            "order": 3
        }
    },
    {
        "pk": 24,
        "model": "survey.question",
        "fields": {
            "parent": null,
            "created": "2013-08-26T11:34:27.400Z",
            "text": "Have you ever been tested to see if you have the AIDS virus?",
            "batch": 3,
            "modified": "2013-08-26T11:34:27.400Z",
            "subquestion": false,
            "answer_type": "multichoice",
            "identifier": null,
            "order": 4
        }
    },
    {
        "pk": 25,
        "model": "survey.question",
        "fields": {
            "parent": null,
            "created": "2013-08-26T11:34:27.403Z",
            "text": "When was the most recent time you were tested?",
            "batch": 3,
            "modified": "2013-08-26T11:34:27.403Z",
            "subquestion": false,
            "answer_type": "multichoice",
            "identifier": null,
            "order": 5
        }
    },
    {
        "pk": 26,
        "model": "survey.question",
        "fields": {
            "parent": null,
            "created": "2013-08-26T11:34:27.407Z",
            "text": "Can the virus that causes AIDS be transmitted from a mother to her baby during pregnancy?",
            "batch": 3,
            "modified": "2013-08-26T11:34:27.407Z",
            "subquestion": false,
            "answer_type": "multichoice",
            "identifier": null,
            "order": 6
        }
    },
    {
        "pk": 27,
        "model": "survey.question",
        "fields": {
            "parent": null,
            "created": "2013-08-26T11:34:27.410Z",
            "text": "Can the virus that causes AIDS be transmitted from a mother to her baby during delivery?",
            "batch": 3,
            "modified": "2013-08-26T11:34:27.410Z",
            "subquestion": false,
            "answer_type": "multichoice",
            "identifier": null,
            "order": 7
        }
    },
    {
        "pk": 28,
        "model": "survey.question",
        "fields": {
            "parent": null,
            "created": "2013-08-26T11:34:27.412Z",
            "text": "Can the virus that causes AIDS be transmitted from a mother to her baby by breastfeeding?",
            "batch": 3,
            "modified": "2013-08-26T11:34:27.412Z",
            "subquestion": false,
            "answer_type": "multichoice",
            "identifier": null,
            "order": 8
        }
    },
    {
        "pk": 29,
        "model": "survey.question",
        "fields": {
            "parent": null,
            "created": "2013-08-26T11:34:27.415Z",
            "text": "How often do you read a newspaper or magazine?",
            "batch": 3,
            "modified": "2013-08-26T11:34:27.415Z",
            "subquestion": false,
            "answer_type": "multichoice",
            "identifier": null,
            "order": 9
        }
    },
    {
        "pk": 30,
        "model": "survey.question",
        "fields": {
            "parent": null,
            "created": "2013-08-26T11:34:27.419Z",
            "text": "How often do you listen to the radio?",
            "batch": 3,
            "modified": "2013-08-26T11:34:27.420Z",
            "subquestion": false,
            "answer_type": "multichoice",
            "identifier": null,
            "order": 10
        }
    },
    {
        "pk": 31,
        "model": "survey.question",
        "fields": {
            "parent": null,
            "created": "2013-08-26T11:34:27.424Z",
            "text": "How often do you watch television?",
            "batch": 3,
            "modified": "2013-08-26T11:34:27.424Z",
            "subquestion": false,
            "answer_type": "multichoice",
            "identifier": null,
            "order": 11
        }
    },
    {
        "pk": 32,
        "model": "survey.question",
        "fields": {
            "parent": null,
            "created": "2013-08-26T11:34:27.432Z",
            "text": "Can people reduce their chance of getting the AIDS virus by having just one uninfected sex partner who has no other sex partners?",
            "batch": 3,
            "modified": "2013-08-26T11:34:27.432Z",
            "subquestion": false,
            "answer_type": "multichoice",
            "identifier": null,
            "order": 12
        }
    },
    {
        "pk": 33,
        "model": "survey.question",
        "fields": {
            "parent": null,
            "created": "2013-08-26T11:34:27.436Z",
            "text": "Can people get the AIDS virus because of witchcraft or other supernatural means?",
            "batch": 3,
            "modified": "2013-08-26T11:34:27.436Z",
            "subquestion": false,
            "answer_type": "multichoice",
            "identifier": null,
            "order": 13
        }
    },
    {
        "pk": 34,
        "model": "survey.question",
        "fields": {
            "parent": null,
            "created": "2013-08-26T11:34:27.439Z",
            "text": "Can people reduce their chance of getting the AIDS virus by using a condom every time they have sex?",
            "batch": 3,
            "modified": "2013-08-26T11:34:27.439Z",
            "subquestion": false,
            "answer_type": "multichoice",
            "identifier": null,
            "order": 14
        }
    },
    {
        "pk": 35,
        "model": "survey.question",
        "fields": {
            "parent": null,
            "created": "2013-08-26T11:34:27.443Z",
            "text": "Can people get the AIDS virus from mosquito bites?",
            "batch": 3,
            "modified": "2013-08-26T11:34:27.443Z",
            "subquestion": false,
            "answer_type": "multichoice",
            "identifier": null,
            "order": 15
        }
    },
    {
        "pk": 36,
        "model": "survey.question",
        "fields": {
            "parent": null,
            "created": "2013-08-26T11:34:27.446Z",
            "text": "Can people get the AIDS virus by sharing food with a person who has the AIDS virus?",
            "batch": 3,
            "modified": "2013-08-26T11:34:27.447Z",
            "subquestion": false,
            "answer_type": "multichoice",
            "identifier": null,
            "order": 16
        }
    },
    {
        "pk": 37,
        "model": "survey.question",
        "fields": {
            "parent": null,
            "created": "2013-08-26T11:34:27.450Z",
            "text": "Is it possible for a healthy-looking person to have the AIDS virus?",
            "batch": 3,
            "modified": "2013-08-26T11:34:27.450Z",
            "subquestion": false,
            "answer_type": "multichoice",
            "identifier": null,
            "order": 17
        }
    },
    {
        "pk": 38,
        "model": "survey.question",
        "fields": {
            "parent": null,
            "created": "2013-08-26T11:34:27.453Z",
            "text": "In the last 12 months, have you used a computer?",
            "batch": 3,
            "modified": "2013-08-26T11:34:27.453Z",
            "subquestion": false,
            "answer_type": "multichoice",
            "identifier": null,
            "order": 18
        }
    },
    {
        "pk": 39,
        "model": "survey.question",
        "fields": {
            "parent": null,
            "created": "2013-08-26T11:34:27.456Z",
            "text": "During the last one month, how often did you use a computer?",
            "batch": 3,
            "modified": "2013-08-26T11:34:27.456Z",
            "subquestion": false,
            "answer_type": "multichoice",
            "identifier": null,
            "order": 19
        }
    },
    {
        "pk": 40,
        "model": "survey.question",
        "fields": {
            "parent": null,
            "created": "2013-08-26T11:34:27.460Z",
            "text": "In the last 12 months, have you used the internet?",
            "batch": 3,
            "modified": "2013-08-26T11:34:27.460Z",
            "subquestion": false,
            "answer_type": "multichoice",
            "identifier": null,
            "order": 20
        }
    },
    {
        "pk": 41,
        "model": "survey.question",
        "fields": {
            "parent": null,
            "created": "2013-08-26T11:34:27.463Z",
            "text": "During the last one month, how often did you use the internet?",
            "batch": 3,
            "modified": "2013-08-26T11:34:27.463Z",
            "subquestion": false,
            "answer_type": "multichoice",
            "identifier": null,
            "order": 21
        }
    },
    {
        "pk": 42,
        "model": "survey.question",
        "fields": {
            "parent": null,
            "created": "2013-08-26T11:34:27.467Z",
            "text": "Compared to this time last year, would you say that your life has improved, stayed more or less the same, or worsened, overall?",
            "batch": 3,
            "modified": "2013-08-26T11:34:27.467Z",
            "subquestion": false,
            "answer_type": "multichoice",
            "identifier": null,
            "order": 22
        }
    },
    {
        "pk": 43,
        "model": "survey.question",
        "fields": {
            "parent": null,
            "created": "2013-08-26T11:34:27.472Z",
            "text": "And in one year from now, do you expect that your life will be better, will be more or less the same, or will be worse, overall?",
            "batch": 3,
            "modified": "2013-08-26T11:34:27.472Z",
            "subquestion": false,
            "answer_type": "multichoice",
            "identifier": null,
            "order": 23
        }
    },
    {
        "pk": 1,
        "model": "survey.questionoption",
        "fields": {
            "text": "Piped tap water",
            "order": 1,
            "question": 2,
            "modified": "2013-08-26T11:34:27.321Z",
            "created": "2013-08-26T11:34:27.320Z"
        }
    },
    {
        "pk": 2,
        "model": "survey.questionoption",
        "fields": {
            "text": "Borehole",
            "order": 2,
            "question": 2,
            "modified": "2013-08-26T11:34:27.322Z",
            "created": "2013-08-26T11:34:27.322Z"
        }
    },
    {
        "pk": 3,
        "model": "survey.questionoption",
        "fields": {
            "text": "Protected well/spring",
            "order": 3,
            "question": 2,
            "modified": "2013-08-26T11:34:27.323Z",
            "created": "2013-08-26T11:34:27.323Z"
        }
    },
    {
        "pk": 4,
        "model": "survey.questionoption",
        "fields": {
            "text": "Unprotected well/spring",
            "order": 4,
            "question": 2,
            "modified": "2013-08-26T11:34:27.324Z",
            "created": "2013-08-26T11:34:27.324Z"
        }
    },
    {
        "pk": 5,
        "model": "survey.questionoption",
        "fields": {
            "text": "Public tap",
            "order": 5,
            "question": 2,
            "modified": "2013-08-26T11:34:27.325Z",
            "created": "2013-08-26T11:34:27.324Z"
        }
    },
    {
        "pk": 6,
        "model": "survey.questionoption",
        "fields": {
            "text": "Gravity Flow scheme",
            "order": 6,
            "question": 2,
            "modified": "2013-08-26T11:34:27.325Z",
            "created": "2013-08-26T11:34:27.325Z"
        }
    },
    {
        "pk": 7,
        "model": "survey.questionoption",
        "fields": {
            "text": "Bottled water",
            "order": 7,
            "question": 2,
            "modified": "2013-08-26T11:34:27.326Z",
            "created": "2013-08-26T11:34:27.326Z"
        }
    },
    {
        "pk": 8,
        "model": "survey.questionoption",
        "fields": {
            "text": "Tanker-truck/cart",
            "order": 8,
            "question": 2,
            "modified": "2013-08-26T11:34:27.327Z",
            "created": "2013-08-26T11:34:27.327Z"
        }
    },
    {
        "pk": 9,
        "model": "survey.questionoption",
        "fields": {
            "text": "Surface water (river, stream, dam, lake, pond, canal, irrigation channel)",
            "order": 9,
            "question": 2,
            "modified": "2013-08-26T11:34:27.329Z",
            "created": "2013-08-26T11:34:27.328Z"
        }
    },
    {
        "pk": 10,
        "model": "survey.questionoption",
        "fields": {
            "text": "Others",
            "order": 10,
            "question": 2,
            "modified": "2013-08-26T11:34:27.330Z",
            "created": "2013-08-26T11:34:27.330Z"
        }
    },
    {
        "pk": 11,
        "model": "survey.questionoption",
        "fields": {
            "text": "Flush/Pour flush",
            "order": 1,
            "question": 4,
            "modified": "2013-08-26T11:34:27.334Z",
            "created": "2013-08-26T11:34:27.334Z"
        }
    },
    {
        "pk": 12,
        "model": "survey.questionoption",
        "fields": {
            "text": "Ventilated Improved Pit (VIP) latrine",
            "order": 2,
            "question": 4,
            "modified": "2013-08-26T11:34:27.335Z",
            "created": "2013-08-26T11:34:27.335Z"
        }
    },
    {
        "pk": 13,
        "model": "survey.questionoption",
        "fields": {
            "text": "Pit latrine with slab /covered pit",
            "order": 3,
            "question": 4,
            "modified": "2013-08-26T11:34:27.336Z",
            "created": "2013-08-26T11:34:27.335Z"
        }
    },
    {
        "pk": 14,
        "model": "survey.questionoption",
        "fields": {
            "text": "Pit latrine without slab /uncovered pit",
            "order": 4,
            "question": 4,
            "modified": "2013-08-26T11:34:27.336Z",
            "created": "2013-08-26T11:34:27.336Z"
        }
    },
    {
        "pk": 15,
        "model": "survey.questionoption",
        "fields": {
            "text": "ECOSAN/Composting toilet",
            "order": 5,
            "question": 4,
            "modified": "2013-08-26T11:34:27.337Z",
            "created": "2013-08-26T11:34:27.337Z"
        }
    },
    {
        "pk": 16,
        "model": "survey.questionoption",
        "fields": {
            "text": "Hanging toilet/latrine",
            "order": 6,
            "question": 4,
            "modified": "2013-08-26T11:34:27.338Z",
            "created": "2013-08-26T11:34:27.338Z"
        }
    },
    {
        "pk": 17,
        "model": "survey.questionoption",
        "fields": {
            "text": "No facility, Bush, Field",
            "order": 7,
            "question": 4,
            "modified": "2013-08-26T11:34:27.339Z",
            "created": "2013-08-26T11:34:27.339Z"
        }
    },
    {
        "pk": 18,
        "model": "survey.questionoption",
        "fields": {
            "text": "Others",
            "order": 8,
            "question": 4,
            "modified": "2013-08-26T11:34:27.340Z",
            "created": "2013-08-26T11:34:27.339Z"
        }
    },
    {
        "pk": 19,
        "model": "survey.questionoption",
        "fields": {
            "text": "Yes, with water and soap",
            "order": 1,
            "question": 6,
            "modified": "2013-08-26T11:34:27.342Z",
            "created": "2013-08-26T11:34:27.342Z"
        }
    },
    {
        "pk": 20,
        "model": "survey.questionoption",
        "fields": {
            "text": "Yes, with water only",
            "order": 2,
            "question": 6,
            "modified": "2013-08-26T11:34:27.343Z",
            "created": "2013-08-26T11:34:27.343Z"
        }
    },
    {
        "pk": 21,
        "model": "survey.questionoption",
        "fields": {
            "text": "No",
            "order": 3,
            "question": 6,
            "modified": "2013-08-26T11:34:27.344Z",
            "created": "2013-08-26T11:34:27.344Z"
        }
    },
    {
        "pk": 22,
        "model": "survey.questionoption",
        "fields": {
            "text": "Yes",
            "order": 1,
            "question": 7,
            "modified": "2013-08-26T11:34:27.346Z",
            "created": "2013-08-26T11:34:27.346Z"
        }
    },
    {
        "pk": 23,
        "model": "survey.questionoption",
        "fields": {
            "text": "No",
            "order": 2,
            "question": 7,
            "modified": "2013-08-26T11:34:27.347Z",
            "created": "2013-08-26T11:34:27.346Z"
        }
    },
    {
        "pk": 24,
        "model": "survey.questionoption",
        "fields": {
            "text": "Yes",
            "order": 1,
            "question": 8,
            "modified": "2013-08-26T11:34:27.348Z",
            "created": "2013-08-26T11:34:27.348Z"
        }
    },
    {
        "pk": 25,
        "model": "survey.questionoption",
        "fields": {
            "text": "No",
            "order": 2,
            "question": 8,
            "modified": "2013-08-26T11:34:27.349Z",
            "created": "2013-08-26T11:34:27.349Z"
        }
    },
    {
        "pk": 26,
        "model": "survey.questionoption",
        "fields": {
            "text": "Dont Know",
            "order": 3,
            "question": 8,
            "modified": "2013-08-26T11:34:27.350Z",
            "created": "2013-08-26T11:34:27.350Z"
        }
    },
    {
        "pk": 27,
        "model": "survey.questionoption",
        "fields": {
            "text": "Yes",
            "order": 1,
            "question": 19,
            "modified": "2013-08-26T11:34:27.385Z",
            "created": "2013-08-26T11:34:27.384Z"
        }
    },
    {
        "pk": 28,
        "model": "survey.questionoption",
        "fields": {
            "text": "No",
            "order": 2,
            "question": 19,
            "modified": "2013-08-26T11:34:27.385Z",
            "created": "2013-08-26T11:34:27.385Z"
        }
    },
    {
        "pk": 29,
        "model": "survey.questionoption",
        "fields": {
            "text": "Yes",
            "order": 1,
            "question": 22,
            "modified": "2013-08-26T11:34:27.396Z",
            "created": "2013-08-26T11:34:27.396Z"
        }
    },
    {
        "pk": 30,
        "model": "survey.questionoption",
        "fields": {
            "text": "No",
            "order": 2,
            "question": 22,
            "modified": "2013-08-26T11:34:27.397Z",
            "created": "2013-08-26T11:34:27.397Z"
        }
    },
    {
        "pk": 31,
        "model": "survey.questionoption",
        "fields": {
            "text": "Yes",
            "order": 1,
            "question": 23,
            "modified": "2013-08-26T11:34:27.399Z",
            "created": "2013-08-26T11:34:27.399Z"
        }
    },
    {
        "pk": 32,
        "model": "survey.questionoption",
        "fields": {
            "text": "No",
            "order": 2,
            "question": 23,
            "modified": "2013-08-26T11:34:27.400Z",
            "created": "2013-08-26T11:34:27.400Z"
        }
    },
    {
        "pk": 33,
        "model": "survey.questionoption",
        "fields": {
            "text": "Yes",
            "order": 1,
            "question": 24,
            "modified": "2013-08-26T11:34:27.401Z",
            "created": "2013-08-26T11:34:27.401Z"
        }
    },
    {
        "pk": 34,
        "model": "survey.questionoption",
        "fields": {
            "text": "No",
            "order": 2,
            "question": 24,
            "modified": "2013-08-26T11:34:27.402Z",
            "created": "2013-08-26T11:34:27.402Z"
        }
    },
    {
        "pk": 35,
        "model": "survey.questionoption",
        "fields": {
            "text": "Less than 12 months ago",
            "order": 1,
            "question": 25,
            "modified": "2013-08-26T11:34:27.405Z",
            "created": "2013-08-26T11:34:27.404Z"
        }
    },
    {
        "pk": 36,
        "model": "survey.questionoption",
        "fields": {
            "text": "12-23 months ago",
            "order": 2,
            "question": 25,
            "modified": "2013-08-26T11:34:27.405Z",
            "created": "2013-08-26T11:34:27.405Z"
        }
    },
    {
        "pk": 37,
        "model": "survey.questionoption",
        "fields": {
            "text": "2 or more years ago",
            "order": 3,
            "question": 25,
            "modified": "2013-08-26T11:34:27.406Z",
            "created": "2013-08-26T11:34:27.406Z"
        }
    },
    {
        "pk": 38,
        "model": "survey.questionoption",
        "fields": {
            "text": "Yes",
            "order": 1,
            "question": 26,
            "modified": "2013-08-26T11:34:27.408Z",
            "created": "2013-08-26T11:34:27.408Z"
        }
    },
    {
        "pk": 39,
        "model": "survey.questionoption",
        "fields": {
            "text": "No",
            "order": 2,
            "question": 26,
            "modified": "2013-08-26T11:34:27.409Z",
            "created": "2013-08-26T11:34:27.409Z"
        }
    },
    {
        "pk": 40,
        "model": "survey.questionoption",
        "fields": {
            "text": "Yes",
            "order": 1,
            "question": 27,
            "modified": "2013-08-26T11:34:27.411Z",
            "created": "2013-08-26T11:34:27.410Z"
        }
    },
    {
        "pk": 41,
        "model": "survey.questionoption",
        "fields": {
            "text": "No",
            "order": 2,
            "question": 27,
            "modified": "2013-08-26T11:34:27.411Z",
            "created": "2013-08-26T11:34:27.411Z"
        }
    },
    {
        "pk": 42,
        "model": "survey.questionoption",
        "fields": {
            "text": "Yes",
            "order": 1,
            "question": 28,
            "modified": "2013-08-26T11:34:27.413Z",
            "created": "2013-08-26T11:34:27.413Z"
        }
    },
    {
        "pk": 43,
        "model": "survey.questionoption",
        "fields": {
            "text": "No",
            "order": 2,
            "question": 28,
            "modified": "2013-08-26T11:34:27.414Z",
            "created": "2013-08-26T11:34:27.414Z"
        }
    },
    {
        "pk": 44,
        "model": "survey.questionoption",
        "fields": {
            "text": "Almost every day",
            "order": 1,
            "question": 29,
            "modified": "2013-08-26T11:34:27.416Z",
            "created": "2013-08-26T11:34:27.416Z"
        }
    },
    {
        "pk": 45,
        "model": "survey.questionoption",
        "fields": {
            "text": "At least once a week",
            "order": 2,
            "question": 29,
            "modified": "2013-08-26T11:34:27.417Z",
            "created": "2013-08-26T11:34:27.417Z"
        }
    },
    {
        "pk": 46,
        "model": "survey.questionoption",
        "fields": {
            "text": "Less than once a week",
            "order": 3,
            "question": 29,
            "modified": "2013-08-26T11:34:27.418Z",
            "created": "2013-08-26T11:34:27.418Z"
        }
    },
    {
        "pk": 47,
        "model": "survey.questionoption",
        "fields": {
            "text": "Not at all",
            "order": 4,
            "question": 29,
            "modified": "2013-08-26T11:34:27.419Z",
            "created": "2013-08-26T11:34:27.418Z"
        }
    },
    {
        "pk": 48,
        "model": "survey.questionoption",
        "fields": {
            "text": "Almost every day",
            "order": 1,
            "question": 30,
            "modified": "2013-08-26T11:34:27.420Z",
            "created": "2013-08-26T11:34:27.420Z"
        }
    },
    {
        "pk": 49,
        "model": "survey.questionoption",
        "fields": {
            "text": "At least once a week",
            "order": 2,
            "question": 30,
            "modified": "2013-08-26T11:34:27.421Z",
            "created": "2013-08-26T11:34:27.421Z"
        }
    },
    {
        "pk": 50,
        "model": "survey.questionoption",
        "fields": {
            "text": "Less than once a week",
            "order": 3,
            "question": 30,
            "modified": "2013-08-26T11:34:27.422Z",
            "created": "2013-08-26T11:34:27.422Z"
        }
    },
    {
        "pk": 51,
        "model": "survey.questionoption",
        "fields": {
            "text": "Not at all",
            "order": 4,
            "question": 30,
            "modified": "2013-08-26T11:34:27.423Z",
            "created": "2013-08-26T11:34:27.423Z"
        }
    },
    {
        "pk": 52,
        "model": "survey.questionoption",
        "fields": {
            "text": "Almost every day",
            "order": 1,
            "question": 31,
            "modified": "2013-08-26T11:34:27.425Z",
            "created": "2013-08-26T11:34:27.425Z"
        }
    },
    {
        "pk": 53,
        "model": "survey.questionoption",
        "fields": {
            "text": "At least once a week",
            "order": 2,
            "question": 31,
            "modified": "2013-08-26T11:34:27.426Z",
            "created": "2013-08-26T11:34:27.426Z"
        }
    },
    {
        "pk": 54,
        "model": "survey.questionoption",
        "fields": {
            "text": "Less than once a week",
            "order": 3,
            "question": 31,
            "modified": "2013-08-26T11:34:27.427Z",
            "created": "2013-08-26T11:34:27.426Z"
        }
    },
    {
        "pk": 55,
        "model": "survey.questionoption",
        "fields": {
            "text": "Not at all",
            "order": 4,
            "question": 31,
            "modified": "2013-08-26T11:34:27.427Z",
            "created": "2013-08-26T11:34:27.427Z"
        }
    },
    {
        "pk": 56,
        "model": "survey.questionoption",
        "fields": {
            "text": "Yes",
            "order": 1,
            "question": 32,
            "modified": "2013-08-26T11:34:27.433Z",
            "created": "2013-08-26T11:34:27.433Z"
        }
    },
    {
        "pk": 57,
        "model": "survey.questionoption",
        "fields": {
            "text": "No",
            "order": 2,
            "question": 32,
            "modified": "2013-08-26T11:34:27.434Z",
            "created": "2013-08-26T11:34:27.434Z"
        }
    },
    {
        "pk": 58,
        "model": "survey.questionoption",
        "fields": {
            "text": "Dont know",
            "order": 3,
            "question": 32,
            "modified": "2013-08-26T11:34:27.435Z",
            "created": "2013-08-26T11:34:27.435Z"
        }
    },
    {
        "pk": 59,
        "model": "survey.questionoption",
        "fields": {
            "text": "Yes",
            "order": 1,
            "question": 33,
            "modified": "2013-08-26T11:34:27.437Z",
            "created": "2013-08-26T11:34:27.437Z"
        }
    },
    {
        "pk": 60,
        "model": "survey.questionoption",
        "fields": {
            "text": "No",
            "order": 2,
            "question": 33,
            "modified": "2013-08-26T11:34:27.438Z",
            "created": "2013-08-26T11:34:27.437Z"
        }
    },
    {
        "pk": 61,
        "model": "survey.questionoption",
        "fields": {
            "text": "Dont know",
            "order": 3,
            "question": 33,
            "modified": "2013-08-26T11:34:27.438Z",
            "created": "2013-08-26T11:34:27.438Z"
        }
    },
    {
        "pk": 62,
        "model": "survey.questionoption",
        "fields": {
            "text": "Yes",
            "order": 1,
            "question": 34,
            "modified": "2013-08-26T11:34:27.440Z",
            "created": "2013-08-26T11:34:27.440Z"
        }
    },
    {
        "pk": 63,
        "model": "survey.questionoption",
        "fields": {
            "text": "No",
            "order": 2,
            "question": 34,
            "modified": "2013-08-26T11:34:27.441Z",
            "created": "2013-08-26T11:34:27.441Z"
        }
    },
    {
        "pk": 64,
        "model": "survey.questionoption",
        "fields": {
            "text": "Dont know",
            "order": 3,
            "question": 34,
            "modified": "2013-08-26T11:34:27.442Z",
            "created": "2013-08-26T11:34:27.442Z"
        }
    },
    {
        "pk": 65,
        "model": "survey.questionoption",
        "fields": {
            "text": "Yes",
            "order": 1,
            "question": 35,
            "modified": "2013-08-26T11:34:27.444Z",
            "created": "2013-08-26T11:34:27.444Z"
        }
    },
    {
        "pk": 66,
        "model": "survey.questionoption",
        "fields": {
            "text": "No",
            "order": 2,
            "question": 35,
            "modified": "2013-08-26T11:34:27.445Z",
            "created": "2013-08-26T11:34:27.445Z"
        }
    },
    {
        "pk": 67,
        "model": "survey.questionoption",
        "fields": {
            "text": "Dont know",
            "order": 3,
            "question": 35,
            "modified": "2013-08-26T11:34:27.446Z",
            "created": "2013-08-26T11:34:27.445Z"
        }
    },
    {
        "pk": 68,
        "model": "survey.questionoption",
        "fields": {
            "text": "Yes",
            "order": 1,
            "question": 36,
            "modified": "2013-08-26T11:34:27.447Z",
            "created": "2013-08-26T11:34:27.447Z"
        }
    },
    {
        "pk": 69,
        "model": "survey.questionoption",
        "fields": {
            "text": "No",
            "order": 2,
            "question": 36,
            "modified": "2013-08-26T11:34:27.448Z",
            "created": "2013-08-26T11:34:27.448Z"
        }
    },
    {
        "pk": 70,
        "model": "survey.questionoption",
        "fields": {
            "text": "Dont know",
            "order": 3,
            "question": 36,
            "modified": "2013-08-26T11:34:27.449Z",
            "created": "2013-08-26T11:34:27.449Z"
        }
    },
    {
        "pk": 71,
        "model": "survey.questionoption",
        "fields": {
            "text": "Yes",
            "order": 1,
            "question": 37,
            "modified": "2013-08-26T11:34:27.451Z",
            "created": "2013-08-26T11:34:27.451Z"
        }
    },
    {
        "pk": 72,
        "model": "survey.questionoption",
        "fields": {
            "text": "No",
            "order": 2,
            "question": 37,
            "modified": "2013-08-26T11:34:27.452Z",
            "created": "2013-08-26T11:34:27.451Z"
        }
    },
    {
        "pk": 73,
        "model": "survey.questionoption",
        "fields": {
            "text": "Dont know",
            "order": 3,
            "question": 37,
            "modified": "2013-08-26T11:34:27.452Z",
            "created": "2013-08-26T11:34:27.452Z"
        }
    },
    {
        "pk": 74,
        "model": "survey.questionoption",
        "fields": {
            "text": "Yes",
            "order": 1,
            "question": 38,
            "modified": "2013-08-26T11:34:27.454Z",
            "created": "2013-08-26T11:34:27.454Z"
        }
    },
    {
        "pk": 75,
        "model": "survey.questionoption",
        "fields": {
            "text": "No",
            "order": 2,
            "question": 38,
            "modified": "2013-08-26T11:34:27.455Z",
            "created": "2013-08-26T11:34:27.455Z"
        }
    },
    {
        "pk": 76,
        "model": "survey.questionoption",
        "fields": {
            "text": "Almost every day",
            "order": 1,
            "question": 39,
            "modified": "2013-08-26T11:34:27.457Z",
            "created": "2013-08-26T11:34:27.457Z"
        }
    },
    {
        "pk": 77,
        "model": "survey.questionoption",
        "fields": {
            "text": "At least once a week",
            "order": 2,
            "question": 39,
            "modified": "2013-08-26T11:34:27.458Z",
            "created": "2013-08-26T11:34:27.457Z"
        }
    },
    {
        "pk": 78,
        "model": "survey.questionoption",
        "fields": {
            "text": "Less than once a week",
            "order": 3,
            "question": 39,
            "modified": "2013-08-26T11:34:27.458Z",
            "created": "2013-08-26T11:34:27.458Z"
        }
    },
    {
        "pk": 79,
        "model": "survey.questionoption",
        "fields": {
            "text": "Not at all",
            "order": 4,
            "question": 39,
            "modified": "2013-08-26T11:34:27.459Z",
            "created": "2013-08-26T11:34:27.459Z"
        }
    },
    {
        "pk": 80,
        "model": "survey.questionoption",
        "fields": {
            "text": "Yes",
            "order": 1,
            "question": 40,
            "modified": "2013-08-26T11:34:27.461Z",
            "created": "2013-08-26T11:34:27.461Z"
        }
    },
    {
        "pk": 81,
        "model": "survey.questionoption",
        "fields": {
            "text": "No",
            "order": 2,
            "question": 40,
            "modified": "2013-08-26T11:34:27.462Z",
            "created": "2013-08-26T11:34:27.462Z"
        }
    },
    {
        "pk": 82,
        "model": "survey.questionoption",
        "fields": {
            "text": "Almost every day",
            "order": 1,
            "question": 41,
            "modified": "2013-08-26T11:34:27.464Z",
            "created": "2013-08-26T11:34:27.464Z"
        }
    },
    {
        "pk": 83,
        "model": "survey.questionoption",
        "fields": {
            "text": "At least once a week",
            "order": 2,
            "question": 41,
            "modified": "2013-08-26T11:34:27.464Z",
            "created": "2013-08-26T11:34:27.464Z"
        }
    },
    {
        "pk": 84,
        "model": "survey.questionoption",
        "fields": {
            "text": "Less than once a week",
            "order": 3,
            "question": 41,
            "modified": "2013-08-26T11:34:27.465Z",
            "created": "2013-08-26T11:34:27.465Z"
        }
    },
    {
        "pk": 85,
        "model": "survey.questionoption",
        "fields": {
            "text": "Not at all",
            "order": 4,
            "question": 41,
            "modified": "2013-08-26T11:34:27.466Z",
            "created": "2013-08-26T11:34:27.466Z"
        }
    },
    {
        "pk": 86,
        "model": "survey.questionoption",
        "fields": {
            "text": "Improved",
            "order": 1,
            "question": 42,
            "modified": "2013-08-26T11:34:27.468Z",
            "created": "2013-08-26T11:34:27.468Z"
        }
    },
    {
        "pk": 87,
        "model": "survey.questionoption",
        "fields": {
            "text": "More or less the same",
            "order": 2,
            "question": 42,
            "modified": "2013-08-26T11:34:27.469Z",
            "created": "2013-08-26T11:34:27.469Z"
        }
    },
    {
        "pk": 88,
        "model": "survey.questionoption",
        "fields": {
            "text": "Worsened",
            "order": 3,
            "question": 42,
            "modified": "2013-08-26T11:34:27.471Z",
            "created": "2013-08-26T11:34:27.471Z"
        }
    },
    {
        "pk": 89,
        "model": "survey.questionoption",
        "fields": {
            "text": "Better",
            "order": 1,
            "question": 43,
            "modified": "2013-08-26T11:34:27.473Z",
            "created": "2013-08-26T11:34:27.473Z"
        }
    },
    {
        "pk": 90,
        "model": "survey.questionoption",
        "fields": {
            "text": "More or less the same",
            "order": 2,
            "question": 43,
            "modified": "2013-08-26T11:34:27.474Z",
            "created": "2013-08-26T11:34:27.474Z"
        }
    },
    {
        "pk": 91,
        "model": "survey.questionoption",
        "fields": {
            "text": "Worsened",
            "order": 3,
            "question": 43,
            "modified": "2013-08-26T11:34:27.475Z",
            "created": "2013-08-26T11:34:27.475Z"
        }
    },
    {
        "pk": 1,
        "model": "survey.batch",
        "fields": {
            "description": null,
            "order": 1,
            "modified": "2013-08-26T11:34:27.316Z",
            "name": "Batch A",
            "created": "2013-08-26T11:34:27.314Z"
        }
    },
    {
        "pk": 2,
        "model": "survey.batch",
        "fields": {
            "description": null,
            "order": 2,
            "modified": "2013-08-26T11:34:27.366Z",
            "name": "Batch B and C",
            "created": "2013-08-26T11:34:27.366Z"
        }
    },
    {
        "pk": 3,
        "model": "survey.batch",
        "fields": {
            "description": null,
            "order": 3,
            "modified": "2013-08-26T11:34:27.393Z",
            "name": "Batch D and E",
            "created": "2013-08-26T11:34:27.392Z"
        }
    },
    {
        "pk": 1,
        "model": "survey.answerrule",
        "fields": {
            "validate_with_option": 10,
            "created": "2013-08-26T11:34:27.355Z",
            "next_question": 3,
            "question": 2,
            "modified": "2013-08-26T11:34:27.356Z",
            "validate_with_question": null,
            "action": "ASK_SUBQUESTION",
            "validate_with_value": null,
            "condition": "EQUALS_OPTION"
        }
    },
    {
        "pk": 2,
        "model": "survey.answerrule",
        "fields": {
            "validate_with_option": 18,
            "created": "2013-08-26T11:34:27.357Z",
            "next_question": 5,
            "question": 4,
            "modified": "2013-08-26T11:34:27.358Z",
            "validate_with_question": null,
            "action": "ASK_SUBQUESTION",
            "validate_with_value": null,
            "condition": "EQUALS_OPTION"
        }
    },
    {
        "pk": 3,
        "model": "survey.answerrule",
        "fields": {
            "validate_with_option": null,
            "created": "2013-08-26T11:34:27.359Z",
            "next_question": 11,
            "question": 9,
            "modified": "2013-08-26T11:34:27.359Z",
            "validate_with_question": null,
            "action": "SKIP_TO",
            "validate_with_value": 0,
            "condition": "EQUALS"
        }
    },
    {
        "pk": 4,
        "model": "survey.answerrule",
        "fields": {
            "validate_with_option": 23,
            "created": "2013-08-26T11:34:27.360Z",
            "next_question": null,
            "question": 7,
            "modified": "2013-08-26T11:34:27.361Z",
            "validate_with_question": null,
            "action": "END_INTERVIEW",
            "validate_with_value": null,
            "condition": "EQUALS"
        }
    },
    {
        "pk": 5,
        "model": "survey.answerrule",
        "fields": {
            "validate_with_option": null,
            "created": "2013-08-26T11:34:27.361Z",
            "next_question": null,
            "question": 10,
            "modified": "2013-08-26T11:34:27.362Z",
            "validate_with_question": 9,
            "action": "REANSWER",
            "validate_with_value": null,
            "condition": "GREATER_THAN_QUESTION"
        }
    },
    {
        "pk": 6,
        "model": "survey.answerrule",
        "fields": {
            "validate_with_option": null,
            "created": "2013-08-26T11:34:27.363Z",
            "next_question": null,
            "question": 11,
            "modified": "2013-08-26T11:34:27.363Z",
            "validate_with_question": null,
            "action": "END_INTERVIEW",
            "validate_with_value": 0,
            "condition": "EQUALS"
        }
    },
    {
        "pk": 7,
        "model": "survey.answerrule",
        "fields": {
            "validate_with_option": null,
            "created": "2013-08-26T11:34:27.364Z",
            "next_question": null,
            "question": 12,
            "modified": "2013-08-26T11:34:27.364Z",
            "validate_with_question": 11,
            "action": "REANSWER",
            "validate_with_value": null,
            "condition": "GREATER_THAN_QUESTION"
        }
    },
    {
        "pk": 8,
        "model": "survey.answerrule",
        "fields": {
            "validate_with_option": null,
            "created": "2013-08-26T11:34:27.374Z",
            "next_question": null,
            "question": 14,
            "modified": "2013-08-26T11:34:27.374Z",
            "validate_with_question": 13,
            "action": "REANSWER",
            "validate_with_value": null,
            "condition": "GREATER_THAN_QUESTION"
        }
    },
    {
        "pk": 9,
        "model": "survey.answerrule",
        "fields": {
            "validate_with_option": null,
            "created": "2013-08-26T11:34:27.375Z",
            "next_question": null,
            "question": 15,
            "modified": "2013-08-26T11:34:27.376Z",
            "validate_with_question": 14,
            "action": "REANSWER",
            "validate_with_value": null,
            "condition": "GREATER_THAN_QUESTION"
        }
    },
    {
        "pk": 10,
        "model": "survey.answerrule",
        "fields": {
            "validate_with_option": null,
            "created": "2013-08-26T11:34:27.377Z",
            "next_question": null,
            "question": 16,
            "modified": "2013-08-26T11:34:27.377Z",
            "validate_with_question": 14,
            "action": "REANSWER",
            "validate_with_value": null,
            "condition": "GREATER_THAN_QUESTION"
        }
    },
    {
        "pk": 11,
        "model": "survey.answerrule",
        "fields": {
            "validate_with_option": null,
            "created": "2013-08-26T11:34:27.378Z",
            "next_question": null,
            "question": 17,
            "modified": "2013-08-26T11:34:27.378Z",
            "validate_with_question": 14,
            "action": "REANSWER",
            "validate_with_value": null,
            "condition": "GREATER_THAN_QUESTION"
        }
    },
    {
        "pk": 12,
        "model": "survey.answerrule",
        "fields": {
            "validate_with_option": 28,
            "created": "2013-08-26T11:34:27.387Z",
            "next_question": null,
            "question": 19,
            "modified": "2013-08-26T11:34:27.387Z",
            "validate_with_question": null,
            "action": "END_INTERVIEW",
            "validate_with_value": null,
            "condition": "EQUALS_OPTION"
        }
    },
    {
        "pk": 13,
        "model": "survey.answerrule",
        "fields": {
            "validate_with_option": null,
            "created": "2013-08-26T11:34:27.390Z",
            "next_question": 18,
            "question": 13,
            "modified": "2013-08-26T11:34:27.390Z",
            "validate_with_question": null,
            "action": "SKIP_TO",
            "validate_with_value": 0,
            "condition": "EQUALS"
        }
    },
    {
        "pk": 14,
        "model": "survey.answerrule",
        "fields": {
            "validate_with_option": 34,
            "created": "2013-08-26T11:34:27.428Z",
            "next_question": 26,
            "question": 24,
            "modified": "2013-08-26T11:34:27.428Z",
            "validate_with_question": null,
            "action": "SKIP_TO",
            "validate_with_value": null,
            "condition": "EQUALS_OPTION"
        }
    },
    {
        "pk": 15,
        "model": "survey.answerrule",
        "fields": {
            "validate_with_option": 75,
            "created": "2013-08-26T11:34:27.476Z",
            "next_question": 40,
            "question": 38,
            "modified": "2013-08-26T11:34:27.476Z",
            "validate_with_question": null,
            "action": "SKIP_TO",
            "validate_with_value": null,
            "condition": "EQUALS_OPTION"
        }
    },
    {
        "pk": 16,
        "model": "survey.answerrule",
        "fields": {
            "validate_with_option": null,
            "created": "2013-08-26T11:34:27.479Z",
            "next_question": 32,
            "question": 21,
            "modified": "2013-08-26T11:34:27.479Z",
            "validate_with_question": null,
            "action": "SKIP_TO",
            "validate_with_value": 0,
            "condition": "EQUALS"
        }
    }
]