[
    {
        "pk": 398,
        "model": "survey.question",
        "fields": {
            "parent": null,
            "created": "2013-08-20T11:36:07.289Z",
            "text": "How many people usually live in this household?",
            "batch": 43,
            "modified": "2013-08-20T11:36:07.289Z",
            "subquestion": false,
            "answer_type": "number",
            "identifier": null,
            "order": 1
        }
    },
    {
        "pk": 399,
        "model": "survey.question",
        "fields": {
            "parent": null,
            "created": "2013-08-20T11:36:07.290Z",
            "text": "What is the households main source of drinking water?",
            "batch": 43,
            "modified": "2013-08-20T11:36:07.290Z",
            "subquestion": false,
            "answer_type": "multichoice",
            "identifier": null,
            "order": 2
        }
    },
    {
        "pk": 400,
        "model": "survey.question",
        "fields": {
            "parent": 399,
            "created": "2013-08-20T11:36:07.300Z",
            "text": "Describe the source of drinking water",
            "batch": 43,
            "modified": "2013-08-20T11:36:07.300Z",
            "subquestion": true,
            "answer_type": "text",
            "identifier": null,
            "order": null
        }
    },
    {
        "pk": 401,
        "model": "survey.question",
        "fields": {
            "parent": null,
            "created": "2013-08-20T11:36:07.301Z",
            "text": "What is the type of toilet that is mainly used in this household?",
            "batch": 43,
            "modified": "2013-08-20T11:36:07.301Z",
            "subquestion": false,
            "answer_type": "multichoice",
            "identifier": null,
            "order": 3
        }
    },
    {
        "pk": 402,
        "model": "survey.question",
        "fields": {
            "parent": 401,
            "created": "2013-08-20T11:36:07.309Z",
            "text": "Describe the type of toilet being used",
            "batch": 43,
            "modified": "2013-08-20T11:36:07.309Z",
            "subquestion": true,
            "answer_type": "text",
            "identifier": null,
            "order": null
        }
    },
    {
        "pk": 403,
        "model": "survey.question",
        "fields": {
            "parent": null,
            "created": "2013-08-20T11:36:07.310Z",
            "text": "Does this household have a hand-washing facility at the toilet?",
            "batch": 43,
            "modified": "2013-08-20T11:36:07.310Z",
            "subquestion": false,
            "answer_type": "multichoice",
            "identifier": null,
            "order": 4
        }
    },
    {
        "pk": 404,
        "model": "survey.question",
        "fields": {
            "parent": null,
            "created": "2013-08-20T11:36:07.313Z",
            "text": "Does your household have any mosquito nets that are used while sleeping?",
            "batch": 43,
            "modified": "2013-08-20T11:36:07.314Z",
            "subquestion": false,
            "answer_type": "multichoice",
            "identifier": null,
            "order": 5
        }
    },
    {
        "pk": 405,
        "model": "survey.question",
        "fields": {
            "parent": null,
            "created": "2013-08-20T11:36:07.316Z",
            "text": "Are these insecticide-treated mosquito nets?",
            "batch": 43,
            "modified": "2013-08-20T11:36:07.317Z",
            "subquestion": false,
            "answer_type": "multichoice",
            "identifier": null,
            "order": 6
        }
    },
    {
        "pk": 406,
        "model": "survey.question",
        "fields": {
            "parent": null,
            "created": "2013-08-20T11:36:07.320Z",
            "text": "How many children are aged under 5 (FIVE) years in this household?",
            "batch": 43,
            "modified": "2013-08-20T11:36:07.320Z",
            "subquestion": false,
            "answer_type": "number",
            "identifier": null,
            "order": 7
        }
    },
    {
        "pk": 407,
        "model": "survey.question",
        "fields": {
            "parent": null,
            "created": "2013-08-20T11:36:07.321Z",
            "text": "How many of them slept under a mosquito net last night?",
            "batch": 43,
            "modified": "2013-08-20T11:36:07.321Z",
            "subquestion": false,
            "answer_type": "number",
            "identifier": null,
            "order": 8
        }
    },
    {
        "pk": 408,
        "model": "survey.question",
        "fields": {
            "parent": null,
            "created": "2013-08-20T11:36:07.322Z",
            "text": "How many pregnant women aged between 15-49 years are in this household?",
            "batch": 43,
            "modified": "2013-08-20T11:36:07.322Z",
            "subquestion": false,
            "answer_type": "number",
            "identifier": null,
            "order": 9
        }
    },
    {
        "pk": 409,
        "model": "survey.question",
        "fields": {
            "parent": null,
            "created": "2013-08-20T11:36:07.323Z",
            "text": "How many of the currently pregnant women slept under an Insecticide-Treated mosquito net last night?",
            "batch": 43,
            "modified": "2013-08-20T11:36:07.323Z",
            "subquestion": false,
            "answer_type": "number",
            "identifier": null,
            "order": 10
        }
    },
    {
        "pk": 410,
        "model": "survey.question",
        "fields": {
            "parent": null,
            "created": "2013-08-20T11:36:07.331Z",
            "text": "How many women aged between 15-49 years are in this household?",
            "batch": 44,
            "modified": "2013-08-20T11:36:07.332Z",
            "subquestion": false,
            "answer_type": "number",
            "identifier": null,
            "order": 1
        }
    },
    {
        "pk": 411,
        "model": "survey.question",
        "fields": {
            "parent": null,
            "created": "2013-08-20T11:36:07.332Z",
            "text": "**ASK TO SPEAK TO ONE OF THESE WOMEN** \n How many of these women has had a live birth in the last 2 years?",
            "batch": 44,
            "modified": "2013-08-20T11:36:07.333Z",
            "subquestion": false,
            "answer_type": "number",
            "identifier": null,
            "order": 2
        }
    },
    {
        "pk": 412,
        "model": "survey.question",
        "fields": {
            "parent": null,
            "created": "2013-08-20T11:36:07.333Z",
            "text": "How many of these child births were delivered in a health facility?",
            "batch": 44,
            "modified": "2013-08-20T11:36:07.334Z",
            "subquestion": false,
            "answer_type": "number",
            "identifier": null,
            "order": 3
        }
    },
    {
        "pk": 413,
        "model": "survey.question",
        "fields": {
            "parent": null,
            "created": "2013-08-20T11:36:07.334Z",
            "text": "How many of these child births were assisted by a skilled health personnel?",
            "batch": 44,
            "modified": "2013-08-20T11:36:07.335Z",
            "subquestion": false,
            "answer_type": "number",
            "identifier": null,
            "order": 4
        }
    },
    {
        "pk": 414,
        "model": "survey.question",
        "fields": {
            "parent": null,
            "created": "2013-08-20T11:36:07.335Z",
            "text": "How many of these new borns were breast fed within 1 hour of birth?",
            "batch": 44,
            "modified": "2013-08-20T11:36:07.335Z",
            "subquestion": false,
            "answer_type": "number",
            "identifier": null,
            "order": 5
        }
    },
    {
        "pk": 415,
        "model": "survey.question",
        "fields": {
            "parent": null,
            "created": "2013-08-20T11:36:07.343Z",
            "text": "How many times did you receive antenatal care during the last pregnancy?",
            "batch": 44,
            "modified": "2013-08-20T11:36:07.343Z",
            "subquestion": false,
            "answer_type": "number",
            "identifier": null,
            "order": 6
        }
    },
    {
        "pk": 416,
        "model": "survey.question",
        "fields": {
            "parent": null,
            "created": "2013-08-20T11:36:07.344Z",
            "text": "During the last pregnancy, did you receive any injection on the arm or shoulder to prevent the baby from getting tetanus?",
            "batch": 44,
            "modified": "2013-08-20T11:36:07.344Z",
            "subquestion": false,
            "answer_type": "multichoice",
            "identifier": null,
            "order": 7
        }
    },
    {
        "pk": 417,
        "model": "survey.question",
        "fields": {
            "parent": null,
            "created": "2013-08-20T11:36:07.347Z",
            "text": "How many times did you receive this tetanus injection during your pregnancy?",
            "batch": 44,
            "modified": "2013-08-20T11:36:07.347Z",
            "subquestion": false,
            "answer_type": "number",
            "identifier": null,
            "order": 8
        }
    },
    {
        "pk": 418,
        "model": "survey.question",
        "fields": {
            "parent": null,
            "created": "2013-08-20T11:36:07.353Z",
            "text": "How many women aged between 15-49 years are in this household?",
            "batch": 45,
            "modified": "2013-08-20T11:36:07.353Z",
            "subquestion": false,
            "answer_type": "number",
            "identifier": null,
            "order": 1
        }
    },
    {
        "pk": 419,
        "model": "survey.question",
        "fields": {
            "parent": null,
            "created": "2013-08-20T11:36:07.354Z",
            "text": "**ASK TO SPEAK TO ONE OF THE WOMEN** \n Have you ever heard of an illness called AIDS?",
            "batch": 45,
            "modified": "2013-08-20T11:36:07.354Z",
            "subquestion": false,
            "answer_type": "multichoice",
            "identifier": null,
            "order": 2
        }
    },
    {
        "pk": 420,
        "model": "survey.question",
        "fields": {
            "parent": null,
            "created": "2013-08-20T11:36:07.356Z",
            "text": "Do you know of a place where people can go to get tested for the AIDS virus?",
            "batch": 45,
            "modified": "2013-08-20T11:36:07.357Z",
            "subquestion": false,
            "answer_type": "multichoice",
            "identifier": null,
            "order": 3
        }
    },
    {
        "pk": 421,
        "model": "survey.question",
        "fields": {
            "parent": null,
            "created": "2013-08-20T11:36:07.359Z",
            "text": "Have you ever been tested to see if you have the AIDS virus?",
            "batch": 45,
            "modified": "2013-08-20T11:36:07.359Z",
            "subquestion": false,
            "answer_type": "multichoice",
            "identifier": null,
            "order": 4
        }
    },
    {
        "pk": 422,
        "model": "survey.question",
        "fields": {
            "parent": null,
            "created": "2013-08-20T11:36:07.361Z",
            "text": "When was the most recent time you were tested?",
            "batch": 45,
            "modified": "2013-08-20T11:36:07.361Z",
            "subquestion": false,
            "answer_type": "multichoice",
            "identifier": null,
            "order": 5
        }
    },
    {
        "pk": 423,
        "model": "survey.question",
        "fields": {
            "parent": null,
            "created": "2013-08-20T11:36:07.365Z",
            "text": "Can the virus that causes AIDS be transmitted from a mother to her baby during pregnancy?",
            "batch": 45,
            "modified": "2013-08-20T11:36:07.365Z",
            "subquestion": false,
            "answer_type": "multichoice",
            "identifier": null,
            "order": 6
        }
    },
    {
        "pk": 424,
        "model": "survey.question",
        "fields": {
            "parent": null,
            "created": "2013-08-20T11:36:07.367Z",
            "text": "Can the virus that causes AIDS be transmitted from a mother to her baby during delivery?",
            "batch": 45,
            "modified": "2013-08-20T11:36:07.367Z",
            "subquestion": false,
            "answer_type": "multichoice",
            "identifier": null,
            "order": 7
        }
    },
    {
        "pk": 425,
        "model": "survey.question",
        "fields": {
            "parent": null,
            "created": "2013-08-20T11:36:07.370Z",
            "text": "Can the virus that causes AIDS be transmitted from a mother to her baby by breastfeeding?",
            "batch": 45,
            "modified": "2013-08-20T11:36:07.370Z",
            "subquestion": false,
            "answer_type": "multichoice",
            "identifier": null,
            "order": 8
        }
    },
    {
        "pk": 426,
        "model": "survey.question",
        "fields": {
            "parent": null,
            "created": "2013-08-20T11:36:07.373Z",
            "text": "How often do you read a newspaper or magazine?",
            "batch": 45,
            "modified": "2013-08-20T11:36:07.373Z",
            "subquestion": false,
            "answer_type": "multichoice",
            "identifier": null,
            "order": 9
        }
    },
    {
        "pk": 427,
        "model": "survey.question",
        "fields": {
            "parent": null,
            "created": "2013-08-20T11:36:07.377Z",
            "text": "How often do you listen to the radio?",
            "batch": 45,
            "modified": "2013-08-20T11:36:07.377Z",
            "subquestion": false,
            "answer_type": "multichoice",
            "identifier": null,
            "order": 10
        }
    },
    {
        "pk": 428,
        "model": "survey.question",
        "fields": {
            "parent": null,
            "created": "2013-08-20T11:36:07.381Z",
            "text": "How often do you watch television?",
            "batch": 45,
            "modified": "2013-08-20T11:36:07.382Z",
            "subquestion": false,
            "answer_type": "multichoice",
            "identifier": null,
            "order": 11
        }
    },
    {
        "pk": 429,
        "model": "survey.question",
        "fields": {
            "parent": null,
            "created": "2013-08-20T11:36:07.389Z",
            "text": "Can people reduce their chance of getting the AIDS virus by having just one uninfected sex partner who has no other sex partners?",
            "batch": 45,
            "modified": "2013-08-20T11:36:07.389Z",
            "subquestion": false,
            "answer_type": "multichoice",
            "identifier": null,
            "order": 12
        }
    },
    {
        "pk": 430,
        "model": "survey.question",
        "fields": {
            "parent": null,
            "created": "2013-08-20T11:36:07.392Z",
            "text": "Can people get the AIDS virus because of witchcraft or other supernatural means?",
            "batch": 45,
            "modified": "2013-08-20T11:36:07.392Z",
            "subquestion": false,
            "answer_type": "multichoice",
            "identifier": null,
            "order": 13
        }
    },
    {
        "pk": 431,
        "model": "survey.question",
        "fields": {
            "parent": null,
            "created": "2013-08-20T11:36:07.396Z",
            "text": "Can people reduce their chance of getting the AIDS virus by using a condom every time they have sex?",
            "batch": 45,
            "modified": "2013-08-20T11:36:07.396Z",
            "subquestion": false,
            "answer_type": "multichoice",
            "identifier": null,
            "order": 14
        }
    },
    {
        "pk": 432,
        "model": "survey.question",
        "fields": {
            "parent": null,
            "created": "2013-08-20T11:36:07.399Z",
            "text": "Can people get the AIDS virus from mosquito bites?",
            "batch": 45,
            "modified": "2013-08-20T11:36:07.399Z",
            "subquestion": false,
            "answer_type": "multichoice",
            "identifier": null,
            "order": 15
        }
    },
    {
        "pk": 433,
        "model": "survey.question",
        "fields": {
            "parent": null,
            "created": "2013-08-20T11:36:07.402Z",
            "text": "Can people get the AIDS virus by sharing food with a person who has the AIDS virus?",
            "batch": 45,
            "modified": "2013-08-20T11:36:07.402Z",
            "subquestion": false,
            "answer_type": "multichoice",
            "identifier": null,
            "order": 16
        }
    },
    {
        "pk": 434,
        "model": "survey.question",
        "fields": {
            "parent": null,
            "created": "2013-08-20T11:36:07.405Z",
            "text": "Is it possible for a healthy-looking person to have the AIDS virus?",
            "batch": 45,
            "modified": "2013-08-20T11:36:07.406Z",
            "subquestion": false,
            "answer_type": "multichoice",
            "identifier": null,
            "order": 17
        }
    },
    {
        "pk": 435,
        "model": "survey.question",
        "fields": {
            "parent": null,
            "created": "2013-08-20T11:36:07.409Z",
            "text": "In the last 12 months, have you used a computer?",
            "batch": 45,
            "modified": "2013-08-20T11:36:07.409Z",
            "subquestion": false,
            "answer_type": "multichoice",
            "identifier": null,
            "order": 18
        }
    },
    {
        "pk": 436,
        "model": "survey.question",
        "fields": {
            "parent": null,
            "created": "2013-08-20T11:36:07.412Z",
            "text": "During the last one month, how often did you use a computer?",
            "batch": 45,
            "modified": "2013-08-20T11:36:07.412Z",
            "subquestion": false,
            "answer_type": "multichoice",
            "identifier": null,
            "order": 19
        }
    },
    {
        "pk": 437,
        "model": "survey.question",
        "fields": {
            "parent": null,
            "created": "2013-08-20T11:36:07.416Z",
            "text": "In the last 12 months, have you used the internet?",
            "batch": 45,
            "modified": "2013-08-20T11:36:07.416Z",
            "subquestion": false,
            "answer_type": "multichoice",
            "identifier": null,
            "order": 20
        }
    },
    {
        "pk": 438,
        "model": "survey.question",
        "fields": {
            "parent": null,
            "created": "2013-08-20T11:36:07.419Z",
            "text": "During the last one month, how often did you use the internet?",
            "batch": 45,
            "modified": "2013-08-20T11:36:07.419Z",
            "subquestion": false,
            "answer_type": "multichoice",
            "identifier": null,
            "order": 21
        }
    },
    {
        "pk": 439,
        "model": "survey.question",
        "fields": {
            "parent": null,
            "created": "2013-08-20T11:36:07.423Z",
            "text": "Compared to this time last year, would you say that your life has improved, stayed more or less the same, or worsened, overall?",
            "batch": 45,
            "modified": "2013-08-20T11:36:07.423Z",
            "subquestion": false,
            "answer_type": "multichoice",
            "identifier": null,
            "order": 22
        }
    },
    {
        "pk": 440,
        "model": "survey.question",
        "fields": {
            "parent": null,
            "created": "2013-08-20T11:36:07.427Z",
            "text": "And in one year from now, do you expect that your life will be better, will be more or less the same, or will be worse, overall?",
            "batch": 45,
            "modified": "2013-08-20T11:36:07.427Z",
            "subquestion": false,
            "answer_type": "multichoice",
            "identifier": null,
            "order": 23
        }
    },
    {
        "pk": 808,
        "model": "survey.questionoption",
        "fields": {
            "text": "Piped tap water",
            "order": 1,
            "question": 399,
            "modified": "2013-08-20T11:36:07.291Z",
            "created": "2013-08-20T11:36:07.291Z"
        }
    },
    {
        "pk": 809,
        "model": "survey.questionoption",
        "fields": {
            "text": "Borehole",
            "order": 2,
            "question": 399,
            "modified": "2013-08-20T11:36:07.292Z",
            "created": "2013-08-20T11:36:07.292Z"
        }
    },
    {
        "pk": 810,
        "model": "survey.questionoption",
        "fields": {
            "text": "Protected well/spring",
            "order": 3,
            "question": 399,
            "modified": "2013-08-20T11:36:07.293Z",
            "created": "2013-08-20T11:36:07.293Z"
        }
    },
    {
        "pk": 811,
        "model": "survey.questionoption",
        "fields": {
            "text": "Unprotected well/spring",
            "order": 4,
            "question": 399,
            "modified": "2013-08-20T11:36:07.294Z",
            "created": "2013-08-20T11:36:07.294Z"
        }
    },
    {
        "pk": 812,
        "model": "survey.questionoption",
        "fields": {
            "text": "Public tap",
            "order": 5,
            "question": 399,
            "modified": "2013-08-20T11:36:07.295Z",
            "created": "2013-08-20T11:36:07.294Z"
        }
    },
    {
        "pk": 813,
        "model": "survey.questionoption",
        "fields": {
            "text": "Gravity Flow scheme",
            "order": 6,
            "question": 399,
            "modified": "2013-08-20T11:36:07.296Z",
            "created": "2013-08-20T11:36:07.296Z"
        }
    },
    {
        "pk": 814,
        "model": "survey.questionoption",
        "fields": {
            "text": "Bottled water",
            "order": 7,
            "question": 399,
            "modified": "2013-08-20T11:36:07.297Z",
            "created": "2013-08-20T11:36:07.296Z"
        }
    },
    {
        "pk": 815,
        "model": "survey.questionoption",
        "fields": {
            "text": "Tanker-truck/cart",
            "order": 8,
            "question": 399,
            "modified": "2013-08-20T11:36:07.297Z",
            "created": "2013-08-20T11:36:07.297Z"
        }
    },
    {
        "pk": 816,
        "model": "survey.questionoption",
        "fields": {
            "text": "Surface water (river, stream, dam, lake, pond, canal, irrigation channel)",
            "order": 9,
            "question": 399,
            "modified": "2013-08-20T11:36:07.298Z",
            "created": "2013-08-20T11:36:07.298Z"
        }
    },
    {
        "pk": 817,
        "model": "survey.questionoption",
        "fields": {
            "text": "Others",
            "order": 10,
            "question": 399,
            "modified": "2013-08-20T11:36:07.299Z",
            "created": "2013-08-20T11:36:07.299Z"
        }
    },
    {
        "pk": 818,
        "model": "survey.questionoption",
        "fields": {
            "text": "Flush/Pour flush",
            "order": 1,
            "question": 401,
            "modified": "2013-08-20T11:36:07.302Z",
            "created": "2013-08-20T11:36:07.302Z"
        }
    },
    {
        "pk": 819,
        "model": "survey.questionoption",
        "fields": {
            "text": "Ventilated Improved Pit (VIP) latrine",
            "order": 2,
            "question": 401,
            "modified": "2013-08-20T11:36:07.303Z",
            "created": "2013-08-20T11:36:07.303Z"
        }
    },
    {
        "pk": 820,
        "model": "survey.questionoption",
        "fields": {
            "text": "Pit latrine with slab /covered pit",
            "order": 3,
            "question": 401,
            "modified": "2013-08-20T11:36:07.304Z",
            "created": "2013-08-20T11:36:07.304Z"
        }
    },
    {
        "pk": 821,
        "model": "survey.questionoption",
        "fields": {
            "text": "Pit latrine without slab /uncovered pit",
            "order": 4,
            "question": 401,
            "modified": "2013-08-20T11:36:07.305Z",
            "created": "2013-08-20T11:36:07.305Z"
        }
    },
    {
        "pk": 822,
        "model": "survey.questionoption",
        "fields": {
            "text": "ECOSAN/Composting toilet",
            "order": 5,
            "question": 401,
            "modified": "2013-08-20T11:36:07.306Z",
            "created": "2013-08-20T11:36:07.305Z"
        }
    },
    {
        "pk": 823,
        "model": "survey.questionoption",
        "fields": {
            "text": "Hanging toilet/latrine",
            "order": 6,
            "question": 401,
            "modified": "2013-08-20T11:36:07.306Z",
            "created": "2013-08-20T11:36:07.306Z"
        }
    },
    {
        "pk": 824,
        "model": "survey.questionoption",
        "fields": {
            "text": "No facility, Bush, Field",
            "order": 7,
            "question": 401,
            "modified": "2013-08-20T11:36:07.307Z",
            "created": "2013-08-20T11:36:07.307Z"
        }
    },
    {
        "pk": 825,
        "model": "survey.questionoption",
        "fields": {
            "text": "Others",
            "order": 8,
            "question": 401,
            "modified": "2013-08-20T11:36:07.308Z",
            "created": "2013-08-20T11:36:07.308Z"
        }
    },
    {
        "pk": 826,
        "model": "survey.questionoption",
        "fields": {
            "text": "Yes, with water and soap",
            "order": 1,
            "question": 403,
            "modified": "2013-08-20T11:36:07.311Z",
            "created": "2013-08-20T11:36:07.311Z"
        }
    },
    {
        "pk": 827,
        "model": "survey.questionoption",
        "fields": {
            "text": "Yes, with water only",
            "order": 2,
            "question": 403,
            "modified": "2013-08-20T11:36:07.312Z",
            "created": "2013-08-20T11:36:07.312Z"
        }
    },
    {
        "pk": 828,
        "model": "survey.questionoption",
        "fields": {
            "text": "No",
            "order": 3,
            "question": 403,
            "modified": "2013-08-20T11:36:07.313Z",
            "created": "2013-08-20T11:36:07.312Z"
        }
    },
    {
        "pk": 829,
        "model": "survey.questionoption",
        "fields": {
            "text": "Yes",
            "order": 1,
            "question": 404,
            "modified": "2013-08-20T11:36:07.315Z",
            "created": "2013-08-20T11:36:07.314Z"
        }
    },
    {
        "pk": 830,
        "model": "survey.questionoption",
        "fields": {
            "text": "No",
            "order": 2,
            "question": 404,
            "modified": "2013-08-20T11:36:07.316Z",
            "created": "2013-08-20T11:36:07.315Z"
        }
    },
    {
        "pk": 831,
        "model": "survey.questionoption",
        "fields": {
            "text": "Yes",
            "order": 1,
            "question": 405,
            "modified": "2013-08-20T11:36:07.318Z",
            "created": "2013-08-20T11:36:07.317Z"
        }
    },
    {
        "pk": 832,
        "model": "survey.questionoption",
        "fields": {
            "text": "No",
            "order": 2,
            "question": 405,
            "modified": "2013-08-20T11:36:07.318Z",
            "created": "2013-08-20T11:36:07.318Z"
        }
    },
    {
        "pk": 833,
        "model": "survey.questionoption",
        "fields": {
            "text": "Dont Know",
            "order": 3,
            "question": 405,
            "modified": "2013-08-20T11:36:07.319Z",
            "created": "2013-08-20T11:36:07.319Z"
        }
    },
    {
        "pk": 834,
        "model": "survey.questionoption",
        "fields": {
            "text": "Yes",
            "order": 1,
            "question": 416,
            "modified": "2013-08-20T11:36:07.345Z",
            "created": "2013-08-20T11:36:07.345Z"
        }
    },
    {
        "pk": 835,
        "model": "survey.questionoption",
        "fields": {
            "text": "No",
            "order": 2,
            "question": 416,
            "modified": "2013-08-20T11:36:07.346Z",
            "created": "2013-08-20T11:36:07.346Z"
        }
    },
    {
        "pk": 836,
        "model": "survey.questionoption",
        "fields": {
            "text": "Yes",
            "order": 1,
            "question": 419,
            "modified": "2013-08-20T11:36:07.355Z",
            "created": "2013-08-20T11:36:07.355Z"
        }
    },
    {
        "pk": 837,
        "model": "survey.questionoption",
        "fields": {
            "text": "No",
            "order": 2,
            "question": 419,
            "modified": "2013-08-20T11:36:07.356Z",
            "created": "2013-08-20T11:36:07.356Z"
        }
    },
    {
        "pk": 838,
        "model": "survey.questionoption",
        "fields": {
            "text": "Yes",
            "order": 1,
            "question": 420,
            "modified": "2013-08-20T11:36:07.357Z",
            "created": "2013-08-20T11:36:07.357Z"
        }
    },
    {
        "pk": 839,
        "model": "survey.questionoption",
        "fields": {
            "text": "No",
            "order": 2,
            "question": 420,
            "modified": "2013-08-20T11:36:07.358Z",
            "created": "2013-08-20T11:36:07.358Z"
        }
    },
    {
        "pk": 840,
        "model": "survey.questionoption",
        "fields": {
            "text": "Yes",
            "order": 1,
            "question": 421,
            "modified": "2013-08-20T11:36:07.360Z",
            "created": "2013-08-20T11:36:07.360Z"
        }
    },
    {
        "pk": 841,
        "model": "survey.questionoption",
        "fields": {
            "text": "No",
            "order": 2,
            "question": 421,
            "modified": "2013-08-20T11:36:07.360Z",
            "created": "2013-08-20T11:36:07.360Z"
        }
    },
    {
        "pk": 842,
        "model": "survey.questionoption",
        "fields": {
            "text": "Less than 12 months ago",
            "order": 1,
            "question": 422,
            "modified": "2013-08-20T11:36:07.362Z",
            "created": "2013-08-20T11:36:07.362Z"
        }
    },
    {
        "pk": 843,
        "model": "survey.questionoption",
        "fields": {
            "text": "12-23 months ago",
            "order": 2,
            "question": 422,
            "modified": "2013-08-20T11:36:07.363Z",
            "created": "2013-08-20T11:36:07.363Z"
        }
    },
    {
        "pk": 844,
        "model": "survey.questionoption",
        "fields": {
            "text": "2 or more years ago",
            "order": 3,
            "question": 422,
            "modified": "2013-08-20T11:36:07.364Z",
            "created": "2013-08-20T11:36:07.364Z"
        }
    },
    {
        "pk": 845,
        "model": "survey.questionoption",
        "fields": {
            "text": "Yes",
            "order": 1,
            "question": 423,
            "modified": "2013-08-20T11:36:07.366Z",
            "created": "2013-08-20T11:36:07.365Z"
        }
    },
    {
        "pk": 846,
        "model": "survey.questionoption",
        "fields": {
            "text": "No",
            "order": 2,
            "question": 423,
            "modified": "2013-08-20T11:36:07.366Z",
            "created": "2013-08-20T11:36:07.366Z"
        }
    },
    {
        "pk": 847,
        "model": "survey.questionoption",
        "fields": {
            "text": "Yes",
            "order": 1,
            "question": 424,
            "modified": "2013-08-20T11:36:07.368Z",
            "created": "2013-08-20T11:36:07.368Z"
        }
    },
    {
        "pk": 848,
        "model": "survey.questionoption",
        "fields": {
            "text": "No",
            "order": 2,
            "question": 424,
            "modified": "2013-08-20T11:36:07.369Z",
            "created": "2013-08-20T11:36:07.369Z"
        }
    },
    {
        "pk": 849,
        "model": "survey.questionoption",
        "fields": {
            "text": "Yes",
            "order": 1,
            "question": 425,
            "modified": "2013-08-20T11:36:07.371Z",
            "created": "2013-08-20T11:36:07.371Z"
        }
    },
    {
        "pk": 850,
        "model": "survey.questionoption",
        "fields": {
            "text": "No",
            "order": 2,
            "question": 425,
            "modified": "2013-08-20T11:36:07.372Z",
            "created": "2013-08-20T11:36:07.372Z"
        }
    },
    {
        "pk": 851,
        "model": "survey.questionoption",
        "fields": {
            "text": "Almost every day",
            "order": 1,
            "question": 426,
            "modified": "2013-08-20T11:36:07.374Z",
            "created": "2013-08-20T11:36:07.374Z"
        }
    },
    {
        "pk": 852,
        "model": "survey.questionoption",
        "fields": {
            "text": "At least once a week",
            "order": 2,
            "question": 426,
            "modified": "2013-08-20T11:36:07.375Z",
            "created": "2013-08-20T11:36:07.374Z"
        }
    },
    {
        "pk": 853,
        "model": "survey.questionoption",
        "fields": {
            "text": "Less than once a week",
            "order": 3,
            "question": 426,
            "modified": "2013-08-20T11:36:07.375Z",
            "created": "2013-08-20T11:36:07.375Z"
        }
    },
    {
        "pk": 854,
        "model": "survey.questionoption",
        "fields": {
            "text": "Not at all",
            "order": 4,
            "question": 426,
            "modified": "2013-08-20T11:36:07.376Z",
            "created": "2013-08-20T11:36:07.376Z"
        }
    },
    {
        "pk": 855,
        "model": "survey.questionoption",
        "fields": {
            "text": "Almost every day",
            "order": 1,
            "question": 427,
            "modified": "2013-08-20T11:36:07.378Z",
            "created": "2013-08-20T11:36:07.378Z"
        }
    },
    {
        "pk": 856,
        "model": "survey.questionoption",
        "fields": {
            "text": "At least once a week",
            "order": 2,
            "question": 427,
            "modified": "2013-08-20T11:36:07.379Z",
            "created": "2013-08-20T11:36:07.379Z"
        }
    },
    {
        "pk": 857,
        "model": "survey.questionoption",
        "fields": {
            "text": "Less than once a week",
            "order": 3,
            "question": 427,
            "modified": "2013-08-20T11:36:07.380Z",
            "created": "2013-08-20T11:36:07.380Z"
        }
    },
    {
        "pk": 858,
        "model": "survey.questionoption",
        "fields": {
            "text": "Not at all",
            "order": 4,
            "question": 427,
            "modified": "2013-08-20T11:36:07.381Z",
            "created": "2013-08-20T11:36:07.381Z"
        }
    },
    {
        "pk": 859,
        "model": "survey.questionoption",
        "fields": {
            "text": "Almost every day",
            "order": 1,
            "question": 428,
            "modified": "2013-08-20T11:36:07.383Z",
            "created": "2013-08-20T11:36:07.383Z"
        }
    },
    {
        "pk": 860,
        "model": "survey.questionoption",
        "fields": {
            "text": "At least once a week",
            "order": 2,
            "question": 428,
            "modified": "2013-08-20T11:36:07.384Z",
            "created": "2013-08-20T11:36:07.384Z"
        }
    },
    {
        "pk": 861,
        "model": "survey.questionoption",
        "fields": {
            "text": "Less than once a week",
            "order": 3,
            "question": 428,
            "modified": "2013-08-20T11:36:07.385Z",
            "created": "2013-08-20T11:36:07.384Z"
        }
    },
    {
        "pk": 862,
        "model": "survey.questionoption",
        "fields": {
            "text": "Not at all",
            "order": 4,
            "question": 428,
            "modified": "2013-08-20T11:36:07.386Z",
            "created": "2013-08-20T11:36:07.385Z"
        }
    },
    {
        "pk": 863,
        "model": "survey.questionoption",
        "fields": {
            "text": "Yes",
            "order": 1,
            "question": 429,
            "modified": "2013-08-20T11:36:07.390Z",
            "created": "2013-08-20T11:36:07.390Z"
        }
    },
    {
        "pk": 864,
        "model": "survey.questionoption",
        "fields": {
            "text": "No",
            "order": 2,
            "question": 429,
            "modified": "2013-08-20T11:36:07.391Z",
            "created": "2013-08-20T11:36:07.391Z"
        }
    },
    {
        "pk": 865,
        "model": "survey.questionoption",
        "fields": {
            "text": "Dont know",
            "order": 3,
            "question": 429,
            "modified": "2013-08-20T11:36:07.392Z",
            "created": "2013-08-20T11:36:07.391Z"
        }
    },
    {
        "pk": 866,
        "model": "survey.questionoption",
        "fields": {
            "text": "Yes",
            "order": 1,
            "question": 430,
            "modified": "2013-08-20T11:36:07.393Z",
            "created": "2013-08-20T11:36:07.393Z"
        }
    },
    {
        "pk": 867,
        "model": "survey.questionoption",
        "fields": {
            "text": "No",
            "order": 2,
            "question": 430,
            "modified": "2013-08-20T11:36:07.394Z",
            "created": "2013-08-20T11:36:07.394Z"
        }
    },
    {
        "pk": 868,
        "model": "survey.questionoption",
        "fields": {
            "text": "Dont know",
            "order": 3,
            "question": 430,
            "modified": "2013-08-20T11:36:07.395Z",
            "created": "2013-08-20T11:36:07.395Z"
        }
    },
    {
        "pk": 869,
        "model": "survey.questionoption",
        "fields": {
            "text": "Yes",
            "order": 1,
            "question": 431,
            "modified": "2013-08-20T11:36:07.397Z",
            "created": "2013-08-20T11:36:07.397Z"
        }
    },
    {
        "pk": 870,
        "model": "survey.questionoption",
        "fields": {
            "text": "No",
            "order": 2,
            "question": 431,
            "modified": "2013-08-20T11:36:07.398Z",
            "created": "2013-08-20T11:36:07.397Z"
        }
    },
    {
        "pk": 871,
        "model": "survey.questionoption",
        "fields": {
            "text": "Dont know",
            "order": 3,
            "question": 431,
            "modified": "2013-08-20T11:36:07.398Z",
            "created": "2013-08-20T11:36:07.398Z"
        }
    },
    {
        "pk": 872,
        "model": "survey.questionoption",
        "fields": {
            "text": "Yes",
            "order": 1,
            "question": 432,
            "modified": "2013-08-20T11:36:07.400Z",
            "created": "2013-08-20T11:36:07.400Z"
        }
    },
    {
        "pk": 873,
        "model": "survey.questionoption",
        "fields": {
            "text": "No",
            "order": 2,
            "question": 432,
            "modified": "2013-08-20T11:36:07.401Z",
            "created": "2013-08-20T11:36:07.401Z"
        }
    },
    {
        "pk": 874,
        "model": "survey.questionoption",
        "fields": {
            "text": "Dont know",
            "order": 3,
            "question": 432,
            "modified": "2013-08-20T11:36:07.402Z",
            "created": "2013-08-20T11:36:07.401Z"
        }
    },
    {
        "pk": 875,
        "model": "survey.questionoption",
        "fields": {
            "text": "Yes",
            "order": 1,
            "question": 433,
            "modified": "2013-08-20T11:36:07.403Z",
            "created": "2013-08-20T11:36:07.403Z"
        }
    },
    {
        "pk": 876,
        "model": "survey.questionoption",
        "fields": {
            "text": "No",
            "order": 2,
            "question": 433,
            "modified": "2013-08-20T11:36:07.404Z",
            "created": "2013-08-20T11:36:07.404Z"
        }
    },
    {
        "pk": 877,
        "model": "survey.questionoption",
        "fields": {
            "text": "Dont know",
            "order": 3,
            "question": 433,
            "modified": "2013-08-20T11:36:07.405Z",
            "created": "2013-08-20T11:36:07.405Z"
        }
    },
    {
        "pk": 878,
        "model": "survey.questionoption",
        "fields": {
            "text": "Yes",
            "order": 1,
            "question": 434,
            "modified": "2013-08-20T11:36:07.406Z",
            "created": "2013-08-20T11:36:07.406Z"
        }
    },
    {
        "pk": 879,
        "model": "survey.questionoption",
        "fields": {
            "text": "No",
            "order": 2,
            "question": 434,
            "modified": "2013-08-20T11:36:07.407Z",
            "created": "2013-08-20T11:36:07.407Z"
        }
    },
    {
        "pk": 880,
        "model": "survey.questionoption",
        "fields": {
            "text": "Dont know",
            "order": 3,
            "question": 434,
            "modified": "2013-08-20T11:36:07.408Z",
            "created": "2013-08-20T11:36:07.408Z"
        }
    },
    {
        "pk": 881,
        "model": "survey.questionoption",
        "fields": {
            "text": "Yes",
            "order": 1,
            "question": 435,
            "modified": "2013-08-20T11:36:07.410Z",
            "created": "2013-08-20T11:36:07.410Z"
        }
    },
    {
        "pk": 882,
        "model": "survey.questionoption",
        "fields": {
            "text": "No",
            "order": 2,
            "question": 435,
            "modified": "2013-08-20T11:36:07.411Z",
            "created": "2013-08-20T11:36:07.411Z"
        }
    },
    {
        "pk": 883,
        "model": "survey.questionoption",
        "fields": {
            "text": "Almost every day",
            "order": 1,
            "question": 436,
            "modified": "2013-08-20T11:36:07.413Z",
            "created": "2013-08-20T11:36:07.413Z"
        }
    },
    {
        "pk": 884,
        "model": "survey.questionoption",
        "fields": {
            "text": "At least once a week",
            "order": 2,
            "question": 436,
            "modified": "2013-08-20T11:36:07.414Z",
            "created": "2013-08-20T11:36:07.413Z"
        }
    },
    {
        "pk": 885,
        "model": "survey.questionoption",
        "fields": {
            "text": "Less than once a week",
            "order": 3,
            "question": 436,
            "modified": "2013-08-20T11:36:07.414Z",
            "created": "2013-08-20T11:36:07.414Z"
        }
    },
    {
        "pk": 886,
        "model": "survey.questionoption",
        "fields": {
            "text": "Not at all",
            "order": 4,
            "question": 436,
            "modified": "2013-08-20T11:36:07.415Z",
            "created": "2013-08-20T11:36:07.415Z"
        }
    },
    {
        "pk": 887,
        "model": "survey.questionoption",
        "fields": {
            "text": "Yes",
            "order": 1,
            "question": 437,
            "modified": "2013-08-20T11:36:07.417Z",
            "created": "2013-08-20T11:36:07.417Z"
        }
    },
    {
        "pk": 888,
        "model": "survey.questionoption",
        "fields": {
            "text": "No",
            "order": 2,
            "question": 437,
            "modified": "2013-08-20T11:36:07.418Z",
            "created": "2013-08-20T11:36:07.418Z"
        }
    },
    {
        "pk": 889,
        "model": "survey.questionoption",
        "fields": {
            "text": "Almost every day",
            "order": 1,
            "question": 438,
            "modified": "2013-08-20T11:36:07.420Z",
            "created": "2013-08-20T11:36:07.420Z"
        }
    },
    {
        "pk": 890,
        "model": "survey.questionoption",
        "fields": {
            "text": "At least once a week",
            "order": 2,
            "question": 438,
            "modified": "2013-08-20T11:36:07.421Z",
            "created": "2013-08-20T11:36:07.420Z"
        }
    },
    {
        "pk": 891,
        "model": "survey.questionoption",
        "fields": {
            "text": "Less than once a week",
            "order": 3,
            "question": 438,
            "modified": "2013-08-20T11:36:07.421Z",
            "created": "2013-08-20T11:36:07.421Z"
        }
    },
    {
        "pk": 892,
        "model": "survey.questionoption",
        "fields": {
            "text": "Not at all",
            "order": 4,
            "question": 438,
            "modified": "2013-08-20T11:36:07.422Z",
            "created": "2013-08-20T11:36:07.422Z"
        }
    },
    {
        "pk": 893,
        "model": "survey.questionoption",
        "fields": {
            "text": "Improved",
            "order": 1,
            "question": 439,
            "modified": "2013-08-20T11:36:07.424Z",
            "created": "2013-08-20T11:36:07.424Z"
        }
    },
    {
        "pk": 894,
        "model": "survey.questionoption",
        "fields": {
            "text": "More or less the same",
            "order": 2,
            "question": 439,
            "modified": "2013-08-20T11:36:07.425Z",
            "created": "2013-08-20T11:36:07.425Z"
        }
    },
    {
        "pk": 895,
        "model": "survey.questionoption",
        "fields": {
            "text": "Worsened",
            "order": 3,
            "question": 439,
            "modified": "2013-08-20T11:36:07.426Z",
            "created": "2013-08-20T11:36:07.426Z"
        }
    },
    {
        "pk": 896,
        "model": "survey.questionoption",
        "fields": {
            "text": "Better",
            "order": 1,
            "question": 440,
            "modified": "2013-08-20T11:36:07.428Z",
            "created": "2013-08-20T11:36:07.428Z"
        }
    },
    {
        "pk": 897,
        "model": "survey.questionoption",
        "fields": {
            "text": "More or less the same",
            "order": 2,
            "question": 440,
            "modified": "2013-08-20T11:36:07.429Z",
            "created": "2013-08-20T11:36:07.429Z"
        }
    },
    {
        "pk": 898,
        "model": "survey.questionoption",
        "fields": {
            "text": "Worsened",
            "order": 3,
            "question": 440,
            "modified": "2013-08-20T11:36:07.430Z",
            "created": "2013-08-20T11:36:07.429Z"
        }
    },
    {
        "pk": 43,
        "model": "survey.batch",
        "fields": {
            "order": 1,
            "modified": "2013-08-20T11:36:07.288Z",
            "name": "Batch A",
            "created": "2013-08-20T11:36:07.287Z"
        }
    },
    {
        "pk": 44,
        "model": "survey.batch",
        "fields": {
            "order": 2,
            "modified": "2013-08-20T11:36:07.331Z",
            "name": "Batch B and C",
            "created": "2013-08-20T11:36:07.331Z"
        }
    },
    {
        "pk": 45,
        "model": "survey.batch",
        "fields": {
            "order": 3,
            "modified": "2013-08-20T11:36:07.352Z",
            "name": "Batch D and E",
            "created": "2013-08-20T11:36:07.352Z"
        }
    },
    {
        "pk": 171,
        "model": "survey.answerrule",
        "fields": {
            "validate_with_option": 817,
            "created": "2013-08-20T11:36:07.323Z",
            "next_question": 400,
            "question": 399,
            "modified": "2013-08-20T11:36:07.324Z",
            "validate_with_question": null,
            "action": "ASK_SUBQUESTION",
            "validate_with_value": null,
            "condition": "EQUALS_OPTION"
        }
    },
    {
        "pk": 172,
        "model": "survey.answerrule",
        "fields": {
            "validate_with_option": 825,
            "created": "2013-08-20T11:36:07.325Z",
            "next_question": 402,
            "question": 401,
            "modified": "2013-08-20T11:36:07.325Z",
            "validate_with_question": null,
            "action": "ASK_SUBQUESTION",
            "validate_with_value": null,
            "condition": "EQUALS_OPTION"
        }
    },
    {
        "pk": 173,
        "model": "survey.answerrule",
        "fields": {
            "validate_with_option": null,
            "created": "2013-08-20T11:36:07.326Z",
            "next_question": 408,
            "question": 406,
            "modified": "2013-08-20T11:36:07.326Z",
            "validate_with_question": null,
            "action": "SKIP_TO",
            "validate_with_value": 0,
            "condition": "EQUALS"
        }
    },
    {
        "pk": 174,
        "model": "survey.answerrule",
        "fields": {
            "validate_with_option": 830,
            "created": "2013-08-20T11:36:07.327Z",
            "next_question": 408,
            "question": 404,
            "modified": "2013-08-20T11:36:07.327Z",
            "validate_with_question": null,
            "action": "SKIP_TO",
            "validate_with_value": null,
            "condition": "EQUALS"
        }
    },
    {
        "pk": 175,
        "model": "survey.answerrule",
        "fields": {
            "validate_with_option": null,
            "created": "2013-08-20T11:36:07.328Z",
            "next_question": null,
            "question": 407,
            "modified": "2013-08-20T11:36:07.328Z",
            "validate_with_question": 406,
            "action": "REANSWER",
            "validate_with_value": null,
            "condition": "GREATER_THAN_QUESTION"
        }
    },
    {
        "pk": 176,
        "model": "survey.answerrule",
        "fields": {
            "validate_with_option": null,
            "created": "2013-08-20T11:36:07.329Z",
            "next_question": null,
            "question": 408,
            "modified": "2013-08-20T11:36:07.329Z",
            "validate_with_question": null,
            "action": "END_INTERVIEW",
            "validate_with_value": 0,
            "condition": "EQUALS"
        }
    },
    {
        "pk": 177,
        "model": "survey.answerrule",
        "fields": {
            "validate_with_option": null,
            "created": "2013-08-20T11:36:07.329Z",
            "next_question": null,
            "question": 409,
            "modified": "2013-08-20T11:36:07.330Z",
            "validate_with_question": 408,
            "action": "REANSWER",
            "validate_with_value": null,
            "condition": "GREATER_THAN_QUESTION"
        }
    },
    {
        "pk": 178,
        "model": "survey.answerrule",
        "fields": {
            "validate_with_option": null,
            "created": "2013-08-20T11:36:07.336Z",
            "next_question": null,
            "question": 411,
            "modified": "2013-08-20T11:36:07.336Z",
            "validate_with_question": 410,
            "action": "REANSWER",
            "validate_with_value": null,
            "condition": "GREATER_THAN_QUESTION"
        }
    },
    {
        "pk": 179,
        "model": "survey.answerrule",
        "fields": {
            "validate_with_option": null,
            "created": "2013-08-20T11:36:07.337Z",
            "next_question": null,
            "question": 412,
            "modified": "2013-08-20T11:36:07.337Z",
            "validate_with_question": 411,
            "action": "REANSWER",
            "validate_with_value": null,
            "condition": "GREATER_THAN_QUESTION"
        }
    },
    {
        "pk": 180,
        "model": "survey.answerrule",
        "fields": {
            "validate_with_option": null,
            "created": "2013-08-20T11:36:07.338Z",
            "next_question": null,
            "question": 413,
            "modified": "2013-08-20T11:36:07.338Z",
            "validate_with_question": 411,
            "action": "REANSWER",
            "validate_with_value": null,
            "condition": "GREATER_THAN_QUESTION"
        }
    },
    {
        "pk": 181,
        "model": "survey.answerrule",
        "fields": {
            "validate_with_option": null,
            "created": "2013-08-20T11:36:07.339Z",
            "next_question": null,
            "question": 414,
            "modified": "2013-08-20T11:36:07.340Z",
            "validate_with_question": 411,
            "action": "REANSWER",
            "validate_with_value": null,
            "condition": "GREATER_THAN_QUESTION"
        }
    },
    {
        "pk": 182,
        "model": "survey.answerrule",
        "fields": {
            "validate_with_option": 835,
            "created": "2013-08-20T11:36:07.347Z",
            "next_question": null,
            "question": 416,
            "modified": "2013-08-20T11:36:07.348Z",
            "validate_with_question": null,
            "action": "END_INTERVIEW",
            "validate_with_value": null,
            "condition": "EQUALS_OPTION"
        }
    },
    {
        "pk": 183,
        "model": "survey.answerrule",
        "fields": {
            "validate_with_option": null,
            "created": "2013-08-20T11:36:07.350Z",
            "next_question": 415,
            "question": 410,
            "modified": "2013-08-20T11:36:07.350Z",
            "validate_with_question": null,
            "action": "SKIP_TO",
            "validate_with_value": 0,
            "condition": "EQUALS"
        }
    },
    {
        "pk": 184,
        "model": "survey.answerrule",
        "fields": {
            "validate_with_option": 841,
            "created": "2013-08-20T11:36:07.386Z",
            "next_question": 423,
            "question": 421,
            "modified": "2013-08-20T11:36:07.387Z",
            "validate_with_question": null,
            "action": "SKIP_TO",
            "validate_with_value": null,
            "condition": "EQUALS_OPTION"
        }
    },
    {
        "pk": 185,
        "model": "survey.answerrule",
        "fields": {
            "validate_with_option": 882,
            "created": "2013-08-20T11:36:07.430Z",
            "next_question": 437,
            "question": 435,
            "modified": "2013-08-20T11:36:07.430Z",
            "validate_with_question": null,
            "action": "SKIP_TO",
            "validate_with_value": null,
            "condition": "EQUALS_OPTION"
        }
    },
    {
        "pk": 186,
        "model": "survey.answerrule",
        "fields": {
            "validate_with_option": null,
            "created": "2013-08-20T11:36:07.433Z",
            "next_question": 429,
            "question": 418,
            "modified": "2013-08-20T11:36:07.433Z",
            "validate_with_question": null,
            "action": "SKIP_TO",
            "validate_with_value": 0,
            "condition": "EQUALS"
        }
    }
]